timestamp,minute_index,Pload_kW,Papparent_kVA,PowerFactor,hourly_value_interpolated,is_original_hourly_point
2026-04-19 00:01:00,2,644.174,707.159,0.9109,0,0
2026-04-19 00:02:00,3,644.309,707.36,0.9109,0,0
2026-04-19 00:03:00,4,644.444,707.56,0.9108,0,0
2026-04-19 00:04:00,5,644.578,707.76,0.9107,0,0
2026-04-19 00:05:00,6,644.712,707.96,0.9107,0,0
2026-04-19 00:06:00,7,644.847,708.161,0.9106,0,0
2026-04-19 00:07:00,8,644.982,708.361,0.9105,0,0
2026-04-19 00:08:00,9,645.116,708.561,0.9105,0,0
2026-04-19 00:09:00,10,645.25,708.761,0.9104,0,0
2026-04-19 00:10:00,11,645.385,708.962,0.9103,0,0
2026-04-19 00:11:00,12,645.52,709.162,0.9103,0,0
2026-04-19 00:12:00,13,645.654,709.362,0.9102,0,0
2026-04-19 00:13:00,14,645.788,709.562,0.9101,0,0
2026-04-19 00:14:00,15,645.923,709.763,0.9101,0,0
2026-04-19 00:15:00,16,646.058,709.963,0.91,0,0
2026-04-19 00:16:00,17,646.192,710.163,0.9099,0,0
2026-04-19 00:17:00,18,646.326,710.364,0.9099,0,0
2026-04-19 00:18:00,19,646.461,710.564,0.9098,0,0
2026-04-19 00:19:00,20,646.596,710.764,0.9097,0,0
2026-04-19 00:20:00,21,646.73,710.964,0.9097,0,0
2026-04-19 00:21:00,22,646.864,711.165,0.9096,0,0
2026-04-19 00:22:00,23,646.999,711.365,0.9095,0,0
2026-04-19 00:23:00,24,647.134,711.565,0.9095,0,0
2026-04-19 00:24:00,25,647.268,711.765,0.9094,0,0
2026-04-19 00:25:00,26,647.402,711.966,0.9093,0,0
2026-04-19 00:26:00,27,647.537,712.166,0.9093,0,0
2026-04-19 00:27:00,28,647.672,712.366,0.9092,0,0
2026-04-19 00:28:00,29,647.806,712.566,0.9091,0,0
2026-04-19 00:29:00,30,647.94,712.767,0.9091,0,0
2026-04-19 00:30:00,31,648.075,712.967,0.909,0,0
2026-04-19 00:31:00,32,648.209,713.167,0.9089,0,0
2026-04-19 00:32:00,33,648.344,713.368,0.9089,0,0
2026-04-19 00:33:00,34,648.478,713.568,0.9088,0,0
2026-04-19 00:34:00,35,648.613,713.768,0.9087,0,0
2026-04-19 00:35:00,36,648.748,713.968,0.9087,0,0
2026-04-19 00:36:00,37,648.882,714.169,0.9086,0,0
2026-04-19 00:37:00,38,649.016,714.369,0.9085,0,0
2026-04-19 00:38:00,39,649.151,714.569,0.9085,0,0
2026-04-19 00:39:00,40,649.286,714.769,0.9084,0,0
2026-04-19 00:40:00,41,649.42,714.97,0.9083,0,0
2026-04-19 00:41:00,42,649.554,715.17,0.9083,0,0
2026-04-19 00:42:00,43,649.689,715.37,0.9082,0,0
2026-04-19 00:43:00,44,649.824,715.57,0.9081,0,0
2026-04-19 00:44:00,45,649.958,715.771,0.9081,0,0
2026-04-19 00:45:00,46,650.092,715.971,0.908,0,0
2026-04-19 00:46:00,47,650.227,716.171,0.9079,0,0
2026-04-19 00:47:00,48,650.362,716.372,0.9079,0,0
2026-04-19 00:48:00,49,650.496,716.572,0.9078,0,0
2026-04-19 00:49:00,50,650.63,716.772,0.9077,0,0
2026-04-19 00:50:00,51,650.765,716.972,0.9077,0,0
2026-04-19 00:51:00,52,650.9,717.173,0.9076,0,0
2026-04-19 00:52:00,53,651.034,717.373,0.9075,0,0
2026-04-19 00:53:00,54,651.168,717.573,0.9075,0,0
2026-04-19 00:54:00,55,651.303,717.773,0.9074,0,0
2026-04-19 00:55:00,56,651.438,717.974,0.9073,0,0
2026-04-19 00:56:00,57,651.572,718.174,0.9073,0,0
2026-04-19 00:57:00,58,651.706,718.374,0.9072,0,0
2026-04-19 00:58:00,59,651.841,718.574,0.9071,0,0
2026-04-19 00:59:00,60,651.976,718.775,0.9071,0,0
2026-04-19 01:00:00,61,652.11,718.975,0.907,0,1
2026-04-19 01:01:00,62,652.206,719.067,0.907,0,0
2026-04-19 01:02:00,63,652.301,719.159,0.907,0,0
2026-04-19 01:03:00,64,652.397,719.251,0.907,0,0
2026-04-19 01:04:00,65,652.492,719.343,0.9071,0,0
2026-04-19 01:05:00,66,652.588,719.435,0.9071,0,0
2026-04-19 01:06:00,67,652.683,719.527,0.9071,0,0
2026-04-19 01:07:00,68,652.778,719.619,0.9071,0,0
2026-04-19 01:08:00,69,652.874,719.711,0.9071,0,0
2026-04-19 01:09:00,70,652.97,719.803,0.9072,0,0
2026-04-19 01:10:00,71,653.065,719.895,0.9072,0,0
2026-04-19 01:11:00,72,653.161,719.987,0.9072,0,0
2026-04-19 01:12:00,73,653.256,720.079,0.9072,0,0
2026-04-19 01:13:00,74,653.352,720.171,0.9072,0,0
2026-04-19 01:14:00,75,653.447,720.263,0.9072,0,0
2026-04-19 01:15:00,76,653.542,720.354,0.9072,0,0
2026-04-19 01:16:00,77,653.638,720.446,0.9073,0,0
2026-04-19 01:17:00,78,653.734,720.538,0.9073,0,0
2026-04-19 01:18:00,79,653.829,720.63,0.9073,0,0
2026-04-19 01:19:00,80,653.924,720.722,0.9073,0,0
2026-04-19 01:20:00,81,654.02,720.814,0.9073,0,0
2026-04-19 01:21:00,82,654.116,720.906,0.9074,0,0
2026-04-19 01:22:00,83,654.211,720.998,0.9074,0,0
2026-04-19 01:23:00,84,654.306,721.09,0.9074,0,0
2026-04-19 01:24:00,85,654.402,721.182,0.9074,0,0
2026-04-19 01:25:00,86,654.498,721.274,0.9074,0,0
2026-04-19 01:26:00,87,654.593,721.366,0.9074,0,0
2026-04-19 01:27:00,88,654.688,721.458,0.9074,0,0
2026-04-19 01:28:00,89,654.784,721.55,0.9075,0,0
2026-04-19 01:29:00,90,654.88,721.642,0.9075,0,0
2026-04-19 01:30:00,91,654.975,721.734,0.9075,0,0
2026-04-19 01:31:00,92,655.07,721.826,0.9075,0,0
2026-04-19 01:32:00,93,655.166,721.918,0.9075,0,0
2026-04-19 01:33:00,94,655.262,722.01,0.9076,0,0
2026-04-19 01:34:00,95,655.357,722.102,0.9076,0,0
2026-04-19 01:35:00,96,655.452,722.194,0.9076,0,0
2026-04-19 01:36:00,97,655.548,722.286,0.9076,0,0
2026-04-19 01:37:00,98,655.644,722.378,0.9076,0,0
2026-04-19 01:38:00,99,655.739,722.47,0.9076,0,0
2026-04-19 01:39:00,100,655.834,722.562,0.9076,0,0
2026-04-19 01:40:00,101,655.93,722.654,0.9077,0,0
2026-04-19 01:41:00,102,656.026,722.746,0.9077,0,0
2026-04-19 01:42:00,103,656.121,722.838,0.9077,0,0
2026-04-19 01:43:00,104,656.216,722.93,0.9077,0,0
2026-04-19 01:44:00,105,656.312,723.022,0.9077,0,0
2026-04-19 01:45:00,106,656.408,723.114,0.9078,0,0
2026-04-19 01:46:00,107,656.503,723.205,0.9078,0,0
2026-04-19 01:47:00,108,656.598,723.297,0.9078,0,0
2026-04-19 01:48:00,109,656.694,723.389,0.9078,0,0
2026-04-19 01:49:00,110,656.79,723.481,0.9078,0,0
2026-04-19 01:50:00,111,656.885,723.573,0.9078,0,0
2026-04-19 01:51:00,112,656.98,723.665,0.9078,0,0
2026-04-19 01:52:00,113,657.076,723.757,0.9079,0,0
2026-04-19 01:53:00,114,657.172,723.849,0.9079,0,0
2026-04-19 01:54:00,115,657.267,723.941,0.9079,0,0
2026-04-19 01:55:00,116,657.363,724.033,0.9079,0,0
2026-04-19 01:56:00,117,657.458,724.125,0.9079,0,0
2026-04-19 01:57:00,118,657.554,724.217,0.908,0,0
2026-04-19 01:58:00,119,657.649,724.309,0.908,0,0
2026-04-19 01:59:00,120,657.744,724.401,0.908,0,0
2026-04-19 02:00:00,121,657.84,724.493,0.908,0,1
2026-04-19 02:01:00,122,657.89,724.482,0.9081,0,0
2026-04-19 02:02:00,123,657.94,724.47,0.9082,0,0
2026-04-19 02:03:00,124,657.99,724.459,0.9082,0,0
2026-04-19 02:04:00,125,658.04,724.448,0.9083,0,0
2026-04-19 02:05:00,126,658.09,724.436,0.9084,0,0
2026-04-19 02:06:00,127,658.14,724.425,0.9085,0,0
2026-04-19 02:07:00,128,658.19,724.414,0.9086,0,0
2026-04-19 02:08:00,129,658.24,724.402,0.9087,0,0
2026-04-19 02:09:00,130,658.29,724.391,0.9088,0,0
2026-04-19 02:10:00,131,658.34,724.38,0.9088,0,0
2026-04-19 02:11:00,132,658.39,724.368,0.9089,0,0
2026-04-19 02:12:00,133,658.44,724.357,0.909,0,0
2026-04-19 02:13:00,134,658.49,724.345,0.9091,0,0
2026-04-19 02:14:00,135,658.54,724.334,0.9092,0,0
2026-04-19 02:15:00,136,658.59,724.323,0.9092,0,0
2026-04-19 02:16:00,137,658.64,724.311,0.9093,0,0
2026-04-19 02:17:00,138,658.69,724.3,0.9094,0,0
2026-04-19 02:18:00,139,658.74,724.289,0.9095,0,0
2026-04-19 02:19:00,140,658.79,724.277,0.9096,0,0
2026-04-19 02:20:00,141,658.84,724.266,0.9097,0,0
2026-04-19 02:21:00,142,658.89,724.255,0.9098,0,0
2026-04-19 02:22:00,143,658.94,724.243,0.9098,0,0
2026-04-19 02:23:00,144,658.99,724.232,0.9099,0,0
2026-04-19 02:24:00,145,659.04,724.221,0.91,0,0
2026-04-19 02:25:00,146,659.09,724.209,0.9101,0,0
2026-04-19 02:26:00,147,659.14,724.198,0.9102,0,0
2026-04-19 02:27:00,148,659.19,724.187,0.9102,0,0
2026-04-19 02:28:00,149,659.24,724.175,0.9103,0,0
2026-04-19 02:29:00,150,659.29,724.164,0.9104,0,0
2026-04-19 02:30:00,151,659.34,724.152,0.9105,0,0
2026-04-19 02:31:00,152,659.39,724.141,0.9106,0,0
2026-04-19 02:32:00,153,659.44,724.13,0.9107,0,0
2026-04-19 02:33:00,154,659.49,724.118,0.9108,0,0
2026-04-19 02:34:00,155,659.54,724.107,0.9108,0,0
2026-04-19 02:35:00,156,659.59,724.096,0.9109,0,0
2026-04-19 02:36:00,157,659.64,724.084,0.911,0,0
2026-04-19 02:37:00,158,659.69,724.073,0.9111,0,0
2026-04-19 02:38:00,159,659.74,724.062,0.9112,0,0
2026-04-19 02:39:00,160,659.79,724.05,0.9112,0,0
2026-04-19 02:40:00,161,659.84,724.039,0.9113,0,0
2026-04-19 02:41:00,162,659.89,724.028,0.9114,0,0
2026-04-19 02:42:00,163,659.94,724.016,0.9115,0,0
2026-04-19 02:43:00,164,659.99,724.005,0.9116,0,0
2026-04-19 02:44:00,165,660.04,723.994,0.9117,0,0
2026-04-19 02:45:00,166,660.09,723.982,0.9118,0,0
2026-04-19 02:46:00,167,660.14,723.971,0.9118,0,0
2026-04-19 02:47:00,168,660.19,723.96,0.9119,0,0
2026-04-19 02:48:00,169,660.24,723.948,0.912,0,0
2026-04-19 02:49:00,170,660.29,723.937,0.9121,0,0
2026-04-19 02:50:00,171,660.34,723.926,0.9122,0,0
2026-04-19 02:51:00,172,660.39,723.914,0.9122,0,0
2026-04-19 02:52:00,173,660.44,723.903,0.9123,0,0
2026-04-19 02:53:00,174,660.49,723.891,0.9124,0,0
2026-04-19 02:54:00,175,660.54,723.88,0.9125,0,0
2026-04-19 02:55:00,176,660.59,723.869,0.9126,0,0
2026-04-19 02:56:00,177,660.64,723.857,0.9127,0,0
2026-04-19 02:57:00,178,660.69,723.846,0.9128,0,0
2026-04-19 02:58:00,179,660.74,723.835,0.9128,0,0
2026-04-19 02:59:00,180,660.79,723.823,0.9129,0,0
2026-04-19 03:00:00,181,660.84,723.812,0.913,0,1
2026-04-19 03:01:00,182,660.832,723.87,0.9129,0,0
2026-04-19 03:02:00,183,660.825,723.928,0.9128,0,0
2026-04-19 03:03:00,184,660.818,723.986,0.9128,0,0
2026-04-19 03:04:00,185,660.81,724.045,0.9127,0,0
2026-04-19 03:05:00,186,660.802,724.103,0.9126,0,0
2026-04-19 03:06:00,187,660.795,724.161,0.9125,0,0
2026-04-19 03:07:00,188,660.788,724.219,0.9124,0,0
2026-04-19 03:08:00,189,660.78,724.277,0.9123,0,0
2026-04-19 03:09:00,190,660.772,724.336,0.9122,0,0
2026-04-19 03:10:00,191,660.765,724.394,0.9122,0,0
2026-04-19 03:11:00,192,660.758,724.452,0.9121,0,0
2026-04-19 03:12:00,193,660.75,724.51,0.912,0,0
2026-04-19 03:13:00,194,660.743,724.568,0.9119,0,0
2026-04-19 03:14:00,195,660.735,724.626,0.9118,0,0
2026-04-19 03:15:00,196,660.728,724.685,0.9118,0,0
2026-04-19 03:16:00,197,660.72,724.743,0.9117,0,0
2026-04-19 03:17:00,198,660.712,724.801,0.9116,0,0
2026-04-19 03:18:00,199,660.705,724.859,0.9115,0,0
2026-04-19 03:19:00,200,660.698,724.917,0.9114,0,0
2026-04-19 03:20:00,201,660.69,724.975,0.9113,0,0
2026-04-19 03:21:00,202,660.682,725.034,0.9112,0,0
2026-04-19 03:22:00,203,660.675,725.092,0.9112,0,0
2026-04-19 03:23:00,204,660.668,725.15,0.9111,0,0
2026-04-19 03:24:00,205,660.66,725.208,0.911,0,0
2026-04-19 03:25:00,206,660.652,725.266,0.9109,0,0
2026-04-19 03:26:00,207,660.645,725.324,0.9108,0,0
2026-04-19 03:27:00,208,660.638,725.382,0.9108,0,0
2026-04-19 03:28:00,209,660.63,725.441,0.9107,0,0
2026-04-19 03:29:00,210,660.623,725.499,0.9106,0,0
2026-04-19 03:30:00,211,660.615,725.557,0.9105,0,0
2026-04-19 03:31:00,212,660.608,725.615,0.9104,0,0
2026-04-19 03:32:00,213,660.6,725.673,0.9103,0,0
2026-04-19 03:33:00,214,660.592,725.732,0.9102,0,0
2026-04-19 03:34:00,215,660.585,725.79,0.9102,0,0
2026-04-19 03:35:00,216,660.578,725.848,0.9101,0,0
2026-04-19 03:36:00,217,660.57,725.906,0.91,0,0
2026-04-19 03:37:00,218,660.562,725.964,0.9099,0,0
2026-04-19 03:38:00,219,660.555,726.022,0.9098,0,0
2026-04-19 03:39:00,220,660.548,726.08,0.9098,0,0
2026-04-19 03:40:00,221,660.54,726.139,0.9097,0,0
2026-04-19 03:41:00,222,660.532,726.197,0.9096,0,0
2026-04-19 03:42:00,223,660.525,726.255,0.9095,0,0
2026-04-19 03:43:00,224,660.518,726.313,0.9094,0,0
2026-04-19 03:44:00,225,660.51,726.371,0.9093,0,0
2026-04-19 03:45:00,226,660.502,726.43,0.9092,0,0
2026-04-19 03:46:00,227,660.495,726.488,0.9092,0,0
2026-04-19 03:47:00,228,660.488,726.546,0.9091,0,0
2026-04-19 03:48:00,229,660.48,726.604,0.909,0,0
2026-04-19 03:49:00,230,660.472,726.662,0.9089,0,0
2026-04-19 03:50:00,231,660.465,726.72,0.9088,0,0
2026-04-19 03:51:00,232,660.458,726.778,0.9088,0,0
2026-04-19 03:52:00,233,660.45,726.837,0.9087,0,0
2026-04-19 03:53:00,234,660.442,726.895,0.9086,0,0
2026-04-19 03:54:00,235,660.435,726.953,0.9085,0,0
2026-04-19 03:55:00,236,660.428,727.011,0.9084,0,0
2026-04-19 03:56:00,237,660.42,727.069,0.9083,0,0
2026-04-19 03:57:00,238,660.412,727.128,0.9082,0,0
2026-04-19 03:58:00,239,660.405,727.186,0.9082,0,0
2026-04-19 03:59:00,240,660.398,727.244,0.9081,0,0
2026-04-19 04:00:00,241,660.39,727.302,0.908,0,1
2026-04-19 04:01:00,242,660.534,727.447,0.908,0,0
2026-04-19 04:02:00,243,660.677,727.591,0.908,0,0
2026-04-19 04:03:00,244,660.82,727.736,0.908,0,0
2026-04-19 04:04:00,245,660.964,727.88,0.9081,0,0
2026-04-19 04:05:00,246,661.108,728.025,0.9081,0,0
2026-04-19 04:06:00,247,661.251,728.169,0.9081,0,0
2026-04-19 04:07:00,248,661.394,728.314,0.9081,0,0
2026-04-19 04:08:00,249,661.538,728.458,0.9081,0,0
2026-04-19 04:09:00,250,661.682,728.603,0.9082,0,0
2026-04-19 04:10:00,251,661.825,728.747,0.9082,0,0
2026-04-19 04:11:00,252,661.968,728.892,0.9082,0,0
2026-04-19 04:12:00,253,662.112,729.036,0.9082,0,0
2026-04-19 04:13:00,254,662.256,729.181,0.9082,0,0
2026-04-19 04:14:00,255,662.399,729.325,0.9082,0,0
2026-04-19 04:15:00,256,662.542,729.47,0.9082,0,0
2026-04-19 04:16:00,257,662.686,729.615,0.9083,0,0
2026-04-19 04:17:00,258,662.829,729.759,0.9083,0,0
2026-04-19 04:18:00,259,662.973,729.904,0.9083,0,0
2026-04-19 04:19:00,260,663.116,730.048,0.9083,0,0
2026-04-19 04:20:00,261,663.26,730.193,0.9083,0,0
2026-04-19 04:21:00,262,663.404,730.337,0.9084,0,0
2026-04-19 04:22:00,263,663.547,730.482,0.9084,0,0
2026-04-19 04:23:00,264,663.69,730.626,0.9084,0,0
2026-04-19 04:24:00,265,663.834,730.771,0.9084,0,0
2026-04-19 04:25:00,266,663.978,730.915,0.9084,0,0
2026-04-19 04:26:00,267,664.121,731.06,0.9084,0,0
2026-04-19 04:27:00,268,664.264,731.204,0.9084,0,0
2026-04-19 04:28:00,269,664.408,731.349,0.9085,0,0
2026-04-19 04:29:00,270,664.552,731.493,0.9085,0,0
2026-04-19 04:30:00,271,664.695,731.638,0.9085,0,0
2026-04-19 04:31:00,272,664.838,731.783,0.9085,0,0
2026-04-19 04:32:00,273,664.982,731.927,0.9085,0,0
2026-04-19 04:33:00,274,665.126,732.072,0.9086,0,0
2026-04-19 04:34:00,275,665.269,732.216,0.9086,0,0
2026-04-19 04:35:00,276,665.412,732.361,0.9086,0,0
2026-04-19 04:36:00,277,665.556,732.505,0.9086,0,0
2026-04-19 04:37:00,278,665.7,732.65,0.9086,0,0
2026-04-19 04:38:00,279,665.843,732.794,0.9086,0,0
2026-04-19 04:39:00,280,665.986,732.939,0.9086,0,0
2026-04-19 04:40:00,281,666.13,733.083,0.9087,0,0
2026-04-19 04:41:00,282,666.274,733.228,0.9087,0,0
2026-04-19 04:42:00,283,666.417,733.372,0.9087,0,0
2026-04-19 04:43:00,284,666.56,733.517,0.9087,0,0
2026-04-19 04:44:00,285,666.704,733.661,0.9087,0,0
2026-04-19 04:45:00,286,666.848,733.806,0.9088,0,0
2026-04-19 04:46:00,287,666.991,733.951,0.9088,0,0
2026-04-19 04:47:00,288,667.134,734.095,0.9088,0,0
2026-04-19 04:48:00,289,667.278,734.24,0.9088,0,0
2026-04-19 04:49:00,290,667.422,734.384,0.9088,0,0
2026-04-19 04:50:00,291,667.565,734.529,0.9088,0,0
2026-04-19 04:51:00,292,667.708,734.673,0.9088,0,0
2026-04-19 04:52:00,293,667.852,734.818,0.9089,0,0
2026-04-19 04:53:00,294,667.996,734.962,0.9089,0,0
2026-04-19 04:54:00,295,668.139,735.107,0.9089,0,0
2026-04-19 04:55:00,296,668.282,735.251,0.9089,0,0
2026-04-19 04:56:00,297,668.426,735.396,0.9089,0,0
2026-04-19 04:57:00,298,668.57,735.54,0.909,0,0
2026-04-19 04:58:00,299,668.713,735.685,0.909,0,0
2026-04-19 04:59:00,300,668.856,735.829,0.909,0,0
2026-04-19 05:00:00,301,669.0,735.974,0.909,0,1
2026-04-19 05:01:00,302,668.886,735.795,0.9091,0,0
2026-04-19 05:02:00,303,668.772,735.617,0.9091,0,0
2026-04-19 05:03:00,304,668.658,735.438,0.9092,0,0
2026-04-19 05:04:00,305,668.544,735.26,0.9093,0,0
2026-04-19 05:05:00,306,668.43,735.081,0.9093,0,0
2026-04-19 05:06:00,307,668.316,734.902,0.9094,0,0
2026-04-19 05:07:00,308,668.202,734.724,0.9095,0,0
2026-04-19 05:08:00,309,668.088,734.545,0.9095,0,0
2026-04-19 05:09:00,310,667.974,734.366,0.9096,0,0
2026-04-19 05:10:00,311,667.86,734.188,0.9097,0,0
2026-04-19 05:11:00,312,667.746,734.009,0.9097,0,0
2026-04-19 05:12:00,313,667.632,733.831,0.9098,0,0
2026-04-19 05:13:00,314,667.518,733.652,0.9099,0,0
2026-04-19 05:14:00,315,667.404,733.473,0.9099,0,0
2026-04-19 05:15:00,316,667.29,733.295,0.91,0,0
2026-04-19 05:16:00,317,667.176,733.116,0.9101,0,0
2026-04-19 05:17:00,318,667.062,732.938,0.9101,0,0
2026-04-19 05:18:00,319,666.948,732.759,0.9102,0,0
2026-04-19 05:19:00,320,666.834,732.58,0.9103,0,0
2026-04-19 05:20:00,321,666.72,732.402,0.9103,0,0
2026-04-19 05:21:00,322,666.606,732.223,0.9104,0,0
2026-04-19 05:22:00,323,666.492,732.044,0.9105,0,0
2026-04-19 05:23:00,324,666.378,731.866,0.9105,0,0
2026-04-19 05:24:00,325,666.264,731.687,0.9106,0,0
2026-04-19 05:25:00,326,666.15,731.509,0.9107,0,0
2026-04-19 05:26:00,327,666.036,731.33,0.9107,0,0
2026-04-19 05:27:00,328,665.922,731.151,0.9108,0,0
2026-04-19 05:28:00,329,665.808,730.973,0.9109,0,0
2026-04-19 05:29:00,330,665.694,730.794,0.9109,0,0
2026-04-19 05:30:00,331,665.58,730.616,0.911,0,0
2026-04-19 05:31:00,332,665.466,730.437,0.9111,0,0
2026-04-19 05:32:00,333,665.352,730.258,0.9111,0,0
2026-04-19 05:33:00,334,665.238,730.08,0.9112,0,0
2026-04-19 05:34:00,335,665.124,729.901,0.9113,0,0
2026-04-19 05:35:00,336,665.01,729.722,0.9113,0,0
2026-04-19 05:36:00,337,664.896,729.544,0.9114,0,0
2026-04-19 05:37:00,338,664.782,729.365,0.9115,0,0
2026-04-19 05:38:00,339,664.668,729.187,0.9115,0,0
2026-04-19 05:39:00,340,664.554,729.008,0.9116,0,0
2026-04-19 05:40:00,341,664.44,728.829,0.9117,0,0
2026-04-19 05:41:00,342,664.326,728.651,0.9117,0,0
2026-04-19 05:42:00,343,664.212,728.472,0.9118,0,0
2026-04-19 05:43:00,344,664.098,728.293,0.9119,0,0
2026-04-19 05:44:00,345,663.984,728.115,0.9119,0,0
2026-04-19 05:45:00,346,663.87,727.936,0.912,0,0
2026-04-19 05:46:00,347,663.756,727.758,0.9121,0,0
2026-04-19 05:47:00,348,663.642,727.579,0.9121,0,0
2026-04-19 05:48:00,349,663.528,727.4,0.9122,0,0
2026-04-19 05:49:00,350,663.414,727.222,0.9123,0,0
2026-04-19 05:50:00,351,663.3,727.043,0.9123,0,0
2026-04-19 05:51:00,352,663.186,726.865,0.9124,0,0
2026-04-19 05:52:00,353,663.072,726.686,0.9125,0,0
2026-04-19 05:53:00,354,662.958,726.507,0.9125,0,0
2026-04-19 05:54:00,355,662.844,726.329,0.9126,0,0
2026-04-19 05:55:00,356,662.73,726.15,0.9127,0,0
2026-04-19 05:56:00,357,662.616,725.971,0.9127,0,0
2026-04-19 05:57:00,358,662.502,725.793,0.9128,0,0
2026-04-19 05:58:00,359,662.388,725.614,0.9129,0,0
2026-04-19 05:59:00,360,662.274,725.436,0.9129,0,0
2026-04-19 06:00:00,361,662.16,725.257,0.913,0,1
2026-04-19 06:01:00,362,662.102,725.181,0.913,0,0
2026-04-19 06:02:00,363,662.045,725.105,0.913,0,0
2026-04-19 06:03:00,364,661.988,725.029,0.913,0,0
2026-04-19 06:04:00,365,661.93,724.952,0.9131,0,0
2026-04-19 06:05:00,366,661.872,724.876,0.9131,0,0
2026-04-19 06:06:00,367,661.815,724.8,0.9131,0,0
2026-04-19 06:07:00,368,661.757,724.724,0.9131,0,0
2026-04-19 06:08:00,369,661.7,724.648,0.9131,0,0
2026-04-19 06:09:00,370,661.642,724.572,0.9132,0,0
2026-04-19 06:10:00,371,661.585,724.496,0.9132,0,0
2026-04-19 06:11:00,372,661.528,724.42,0.9132,0,0
2026-04-19 06:12:00,373,661.47,724.343,0.9132,0,0
2026-04-19 06:13:00,374,661.412,724.267,0.9132,0,0
2026-04-19 06:14:00,375,661.355,724.191,0.9132,0,0
2026-04-19 06:15:00,376,661.298,724.115,0.9132,0,0
2026-04-19 06:16:00,377,661.24,724.039,0.9133,0,0
2026-04-19 06:17:00,378,661.182,723.963,0.9133,0,0
2026-04-19 06:18:00,379,661.125,723.887,0.9133,0,0
2026-04-19 06:19:00,380,661.068,723.81,0.9133,0,0
2026-04-19 06:20:00,381,661.01,723.734,0.9133,0,0
2026-04-19 06:21:00,382,660.952,723.658,0.9134,0,0
2026-04-19 06:22:00,383,660.895,723.582,0.9134,0,0
2026-04-19 06:23:00,384,660.838,723.506,0.9134,0,0
2026-04-19 06:24:00,385,660.78,723.43,0.9134,0,0
2026-04-19 06:25:00,386,660.722,723.354,0.9134,0,0
2026-04-19 06:26:00,387,660.665,723.278,0.9134,0,0
2026-04-19 06:27:00,388,660.608,723.201,0.9134,0,0
2026-04-19 06:28:00,389,660.55,723.125,0.9135,0,0
2026-04-19 06:29:00,390,660.492,723.049,0.9135,0,0
2026-04-19 06:30:00,391,660.435,722.973,0.9135,0,0
2026-04-19 06:31:00,392,660.378,722.897,0.9135,0,0
2026-04-19 06:32:00,393,660.32,722.821,0.9135,0,0
2026-04-19 06:33:00,394,660.262,722.745,0.9136,0,0
2026-04-19 06:34:00,395,660.205,722.668,0.9136,0,0
2026-04-19 06:35:00,396,660.148,722.592,0.9136,0,0
2026-04-19 06:36:00,397,660.09,722.516,0.9136,0,0
2026-04-19 06:37:00,398,660.032,722.44,0.9136,0,0
2026-04-19 06:38:00,399,659.975,722.364,0.9136,0,0
2026-04-19 06:39:00,400,659.918,722.288,0.9136,0,0
2026-04-19 06:40:00,401,659.86,722.212,0.9137,0,0
2026-04-19 06:41:00,402,659.802,722.136,0.9137,0,0
2026-04-19 06:42:00,403,659.745,722.059,0.9137,0,0
2026-04-19 06:43:00,404,659.688,721.983,0.9137,0,0
2026-04-19 06:44:00,405,659.63,721.907,0.9137,0,0
2026-04-19 06:45:00,406,659.572,721.831,0.9138,0,0
2026-04-19 06:46:00,407,659.515,721.755,0.9138,0,0
2026-04-19 06:47:00,408,659.458,721.679,0.9138,0,0
2026-04-19 06:48:00,409,659.4,721.603,0.9138,0,0
2026-04-19 06:49:00,410,659.342,721.526,0.9138,0,0
2026-04-19 06:50:00,411,659.285,721.45,0.9138,0,0
2026-04-19 06:51:00,412,659.228,721.374,0.9138,0,0
2026-04-19 06:52:00,413,659.17,721.298,0.9139,0,0
2026-04-19 06:53:00,414,659.113,721.222,0.9139,0,0
2026-04-19 06:54:00,415,659.055,721.146,0.9139,0,0
2026-04-19 06:55:00,416,658.998,721.07,0.9139,0,0
2026-04-19 06:56:00,417,658.94,720.994,0.9139,0,0
2026-04-19 06:57:00,418,658.882,720.917,0.914,0,0
2026-04-19 06:58:00,419,658.825,720.841,0.914,0,0
2026-04-19 06:59:00,420,658.768,720.765,0.914,0,0
2026-04-19 07:00:00,421,658.71,720.689,0.914,0,1
2026-04-19 07:01:00,422,658.46,720.378,0.914,0,0
2026-04-19 07:02:00,423,658.211,720.066,0.9141,0,0
2026-04-19 07:03:00,424,657.962,719.755,0.9142,0,0
2026-04-19 07:04:00,425,657.712,719.443,0.9142,0,0
2026-04-19 07:05:00,426,657.463,719.132,0.9142,0,0
2026-04-19 07:06:00,427,657.213,718.821,0.9143,0,0
2026-04-19 07:07:00,428,656.964,718.509,0.9144,0,0
2026-04-19 07:08:00,429,656.714,718.198,0.9144,0,0
2026-04-19 07:09:00,430,656.464,717.887,0.9144,0,0
2026-04-19 07:10:00,431,656.215,717.575,0.9145,0,0
2026-04-19 07:11:00,432,655.966,717.264,0.9146,0,0
2026-04-19 07:12:00,433,655.716,716.952,0.9146,0,0
2026-04-19 07:13:00,434,655.466,716.641,0.9146,0,0
2026-04-19 07:14:00,435,655.217,716.33,0.9147,0,0
2026-04-19 07:15:00,436,654.968,716.018,0.9148,0,0
2026-04-19 07:16:00,437,654.718,715.707,0.9148,0,0
2026-04-19 07:17:00,438,654.469,715.395,0.9148,0,0
2026-04-19 07:18:00,439,654.219,715.084,0.9149,0,0
2026-04-19 07:19:00,440,653.97,714.773,0.915,0,0
2026-04-19 07:20:00,441,653.72,714.461,0.915,0,0
2026-04-19 07:21:00,442,653.47,714.15,0.915,0,0
2026-04-19 07:22:00,443,653.221,713.839,0.9151,0,0
2026-04-19 07:23:00,444,652.972,713.527,0.9152,0,0
2026-04-19 07:24:00,445,652.722,713.216,0.9152,0,0
2026-04-19 07:25:00,446,652.473,712.904,0.9152,0,0
2026-04-19 07:26:00,447,652.223,712.593,0.9153,0,0
2026-04-19 07:27:00,448,651.974,712.282,0.9154,0,0
2026-04-19 07:28:00,449,651.724,711.97,0.9154,0,0
2026-04-19 07:29:00,450,651.474,711.659,0.9154,0,0
2026-04-19 07:30:00,451,651.225,711.348,0.9155,0,0
2026-04-19 07:31:00,452,650.976,711.036,0.9156,0,0
2026-04-19 07:32:00,453,650.726,710.725,0.9156,0,0
2026-04-19 07:33:00,454,650.476,710.413,0.9156,0,0
2026-04-19 07:34:00,455,650.227,710.102,0.9157,0,0
2026-04-19 07:35:00,456,649.978,709.791,0.9158,0,0
2026-04-19 07:36:00,457,649.728,709.479,0.9158,0,0
2026-04-19 07:37:00,458,649.478,709.168,0.9158,0,0
2026-04-19 07:38:00,459,649.229,708.856,0.9159,0,0
2026-04-19 07:39:00,460,648.98,708.545,0.916,0,0
2026-04-19 07:40:00,461,648.73,708.234,0.916,0,0
2026-04-19 07:41:00,462,648.48,707.922,0.916,0,0
2026-04-19 07:42:00,463,648.231,707.611,0.9161,0,0
2026-04-19 07:43:00,464,647.982,707.3,0.9162,0,0
2026-04-19 07:44:00,465,647.732,706.988,0.9162,0,0
2026-04-19 07:45:00,466,647.483,706.677,0.9162,0,0
2026-04-19 07:46:00,467,647.233,706.365,0.9163,0,0
2026-04-19 07:47:00,468,646.984,706.054,0.9164,0,0
2026-04-19 07:48:00,469,646.734,705.743,0.9164,0,0
2026-04-19 07:49:00,470,646.484,705.431,0.9164,0,0
2026-04-19 07:50:00,471,646.235,705.12,0.9165,0,0
2026-04-19 07:51:00,472,645.986,704.808,0.9166,0,0
2026-04-19 07:52:00,473,645.736,704.497,0.9166,0,0
2026-04-19 07:53:00,474,645.486,704.186,0.9166,0,0
2026-04-19 07:54:00,475,645.237,703.874,0.9167,0,0
2026-04-19 07:55:00,476,644.988,703.563,0.9168,0,0
2026-04-19 07:56:00,477,644.738,703.252,0.9168,0,0
2026-04-19 07:57:00,478,644.488,702.94,0.9168,0,0
2026-04-19 07:58:00,479,644.239,702.629,0.9169,0,0
2026-04-19 07:59:00,480,643.99,702.317,0.917,0,0
2026-04-19 08:00:00,481,643.74,702.006,0.917,0,1
2026-04-19 08:01:00,482,644.148,702.451,0.917,0,0
2026-04-19 08:02:00,483,644.556,702.896,0.917,0,0
2026-04-19 08:03:00,484,644.964,703.341,0.917,0,0
2026-04-19 08:04:00,485,645.372,703.786,0.917,0,0
2026-04-19 08:05:00,486,645.78,704.231,0.917,0,0
2026-04-19 08:06:00,487,646.188,704.676,0.917,0,0
2026-04-19 08:07:00,488,646.596,705.121,0.917,0,0
2026-04-19 08:08:00,489,647.004,705.565,0.917,0,0
2026-04-19 08:09:00,490,647.412,706.01,0.917,0,0
2026-04-19 08:10:00,491,647.82,706.455,0.917,0,0
2026-04-19 08:11:00,492,648.228,706.9,0.917,0,0
2026-04-19 08:12:00,493,648.636,707.345,0.917,0,0
2026-04-19 08:13:00,494,649.044,707.79,0.917,0,0
2026-04-19 08:14:00,495,649.452,708.235,0.917,0,0
2026-04-19 08:15:00,496,649.86,708.68,0.917,0,0
2026-04-19 08:16:00,497,650.268,709.125,0.917,0,0
2026-04-19 08:17:00,498,650.676,709.57,0.917,0,0
2026-04-19 08:18:00,499,651.084,710.015,0.917,0,0
2026-04-19 08:19:00,500,651.492,710.46,0.917,0,0
2026-04-19 08:20:00,501,651.9,710.905,0.917,0,0
2026-04-19 08:21:00,502,652.308,711.35,0.917,0,0
2026-04-19 08:22:00,503,652.716,711.795,0.917,0,0
2026-04-19 08:23:00,504,653.124,712.239,0.917,0,0
2026-04-19 08:24:00,505,653.532,712.684,0.917,0,0
2026-04-19 08:25:00,506,653.94,713.129,0.917,0,0
2026-04-19 08:26:00,507,654.348,713.574,0.917,0,0
2026-04-19 08:27:00,508,654.756,714.019,0.917,0,0
2026-04-19 08:28:00,509,655.164,714.464,0.917,0,0
2026-04-19 08:29:00,510,655.572,714.909,0.917,0,0
2026-04-19 08:30:00,511,655.98,715.354,0.917,0,0
2026-04-19 08:31:00,512,656.388,715.799,0.917,0,0
2026-04-19 08:32:00,513,656.796,716.244,0.917,0,0
2026-04-19 08:33:00,514,657.204,716.689,0.917,0,0
2026-04-19 08:34:00,515,657.612,717.134,0.917,0,0
2026-04-19 08:35:00,516,658.02,717.579,0.917,0,0
2026-04-19 08:36:00,517,658.428,718.024,0.917,0,0
2026-04-19 08:37:00,518,658.836,718.469,0.917,0,0
2026-04-19 08:38:00,519,659.244,718.913,0.917,0,0
2026-04-19 08:39:00,520,659.652,719.358,0.917,0,0
2026-04-19 08:40:00,521,660.06,719.803,0.917,0,0
2026-04-19 08:41:00,522,660.468,720.248,0.917,0,0
2026-04-19 08:42:00,523,660.876,720.693,0.917,0,0
2026-04-19 08:43:00,524,661.284,721.138,0.917,0,0
2026-04-19 08:44:00,525,661.692,721.583,0.917,0,0
2026-04-19 08:45:00,526,662.1,722.028,0.917,0,0
2026-04-19 08:46:00,527,662.508,722.473,0.917,0,0
2026-04-19 08:47:00,528,662.916,722.918,0.917,0,0
2026-04-19 08:48:00,529,663.324,723.363,0.917,0,0
2026-04-19 08:49:00,530,663.732,723.808,0.917,0,0
2026-04-19 08:50:00,531,664.14,724.253,0.917,0,0
2026-04-19 08:51:00,532,664.548,724.698,0.917,0,0
2026-04-19 08:52:00,533,664.956,725.143,0.917,0,0
2026-04-19 08:53:00,534,665.364,725.587,0.917,0,0
2026-04-19 08:54:00,535,665.772,726.032,0.917,0,0
2026-04-19 08:55:00,536,666.18,726.477,0.917,0,0
2026-04-19 08:56:00,537,666.588,726.922,0.917,0,0
2026-04-19 08:57:00,538,666.996,727.367,0.917,0,0
2026-04-19 08:58:00,539,667.404,727.812,0.917,0,0
2026-04-19 08:59:00,540,667.812,728.257,0.917,0,0
2026-04-19 09:00:00,541,668.22,728.702,0.917,0,1
2026-04-19 09:01:00,542,667.948,728.47,0.9169,0,0
2026-04-19 09:02:00,543,667.676,728.239,0.9168,0,0
2026-04-19 09:03:00,544,667.404,728.007,0.9168,0,0
2026-04-19 09:04:00,545,667.132,727.775,0.9167,0,0
2026-04-19 09:05:00,546,666.86,727.544,0.9166,0,0
2026-04-19 09:06:00,547,666.588,727.312,0.9165,0,0
2026-04-19 09:07:00,548,666.316,727.08,0.9164,0,0
2026-04-19 09:08:00,549,666.044,726.849,0.9163,0,0
2026-04-19 09:09:00,550,665.772,726.617,0.9162,0,0
2026-04-19 09:10:00,551,665.5,726.386,0.9162,0,0
2026-04-19 09:11:00,552,665.228,726.154,0.9161,0,0
2026-04-19 09:12:00,553,664.956,725.922,0.916,0,0
2026-04-19 09:13:00,554,664.684,725.691,0.9159,0,0
2026-04-19 09:14:00,555,664.412,725.459,0.9158,0,0
2026-04-19 09:15:00,556,664.14,725.227,0.9158,0,0
2026-04-19 09:16:00,557,663.868,724.996,0.9157,0,0
2026-04-19 09:17:00,558,663.596,724.764,0.9156,0,0
2026-04-19 09:18:00,559,663.324,724.532,0.9155,0,0
2026-04-19 09:19:00,560,663.052,724.301,0.9154,0,0
2026-04-19 09:20:00,561,662.78,724.069,0.9153,0,0
2026-04-19 09:21:00,562,662.508,723.837,0.9152,0,0
2026-04-19 09:22:00,563,662.236,723.606,0.9152,0,0
2026-04-19 09:23:00,564,661.964,723.374,0.9151,0,0
2026-04-19 09:24:00,565,661.692,723.142,0.915,0,0
2026-04-19 09:25:00,566,661.42,722.911,0.9149,0,0
2026-04-19 09:26:00,567,661.148,722.679,0.9148,0,0
2026-04-19 09:27:00,568,660.876,722.447,0.9148,0,0
2026-04-19 09:28:00,569,660.604,722.216,0.9147,0,0
2026-04-19 09:29:00,570,660.332,721.984,0.9146,0,0
2026-04-19 09:30:00,571,660.06,721.752,0.9145,0,0
2026-04-19 09:31:00,572,659.788,721.521,0.9144,0,0
2026-04-19 09:32:00,573,659.516,721.289,0.9143,0,0
2026-04-19 09:33:00,574,659.244,721.058,0.9142,0,0
2026-04-19 09:34:00,575,658.972,720.826,0.9142,0,0
2026-04-19 09:35:00,576,658.7,720.594,0.9141,0,0
2026-04-19 09:36:00,577,658.428,720.363,0.914,0,0
2026-04-19 09:37:00,578,658.156,720.131,0.9139,0,0
2026-04-19 09:38:00,579,657.884,719.899,0.9138,0,0
2026-04-19 09:39:00,580,657.612,719.668,0.9138,0,0
2026-04-19 09:40:00,581,657.34,719.436,0.9137,0,0
2026-04-19 09:41:00,582,657.068,719.204,0.9136,0,0
2026-04-19 09:42:00,583,656.796,718.973,0.9135,0,0
2026-04-19 09:43:00,584,656.524,718.741,0.9134,0,0
2026-04-19 09:44:00,585,656.252,718.509,0.9133,0,0
2026-04-19 09:45:00,586,655.98,718.278,0.9132,0,0
2026-04-19 09:46:00,587,655.708,718.046,0.9132,0,0
2026-04-19 09:47:00,588,655.436,717.814,0.9131,0,0
2026-04-19 09:48:00,589,655.164,717.583,0.913,0,0
2026-04-19 09:49:00,590,654.892,717.351,0.9129,0,0
2026-04-19 09:50:00,591,654.62,717.12,0.9128,0,0
2026-04-19 09:51:00,592,654.348,716.888,0.9128,0,0
2026-04-19 09:52:00,593,654.076,716.656,0.9127,0,0
2026-04-19 09:53:00,594,653.804,716.425,0.9126,0,0
2026-04-19 09:54:00,595,653.532,716.193,0.9125,0,0
2026-04-19 09:55:00,596,653.26,715.961,0.9124,0,0
2026-04-19 09:56:00,597,652.988,715.73,0.9123,0,0
2026-04-19 09:57:00,598,652.716,715.498,0.9122,0,0
2026-04-19 09:58:00,599,652.444,715.266,0.9122,0,0
2026-04-19 09:59:00,600,652.172,715.035,0.9121,0,0
2026-04-19 10:00:00,601,651.9,714.803,0.912,0,1
2026-04-19 10:01:00,602,652.728,715.697,0.912,0,0
2026-04-19 10:02:00,603,653.556,716.591,0.912,0,0
2026-04-19 10:03:00,604,654.384,717.485,0.912,0,0
2026-04-19 10:04:00,605,655.212,718.378,0.9121,0,0
2026-04-19 10:05:00,606,656.04,719.272,0.9121,0,0
2026-04-19 10:06:00,607,656.868,720.166,0.9121,0,0
2026-04-19 10:07:00,608,657.696,721.06,0.9121,0,0
2026-04-19 10:08:00,609,658.524,721.954,0.9121,0,0
2026-04-19 10:09:00,610,659.352,722.848,0.9122,0,0
2026-04-19 10:10:00,611,660.18,723.742,0.9122,0,0
2026-04-19 10:11:00,612,661.008,724.635,0.9122,0,0
2026-04-19 10:12:00,613,661.836,725.529,0.9122,0,0
2026-04-19 10:13:00,614,662.664,726.423,0.9122,0,0
2026-04-19 10:14:00,615,663.492,727.317,0.9122,0,0
2026-04-19 10:15:00,616,664.32,728.211,0.9122,0,0
2026-04-19 10:16:00,617,665.148,729.105,0.9123,0,0
2026-04-19 10:17:00,618,665.976,729.998,0.9123,0,0
2026-04-19 10:18:00,619,666.804,730.892,0.9123,0,0
2026-04-19 10:19:00,620,667.632,731.786,0.9123,0,0
2026-04-19 10:20:00,621,668.46,732.68,0.9123,0,0
2026-04-19 10:21:00,622,669.288,733.574,0.9124,0,0
2026-04-19 10:22:00,623,670.116,734.468,0.9124,0,0
2026-04-19 10:23:00,624,670.944,735.362,0.9124,0,0
2026-04-19 10:24:00,625,671.772,736.255,0.9124,0,0
2026-04-19 10:25:00,626,672.6,737.149,0.9124,0,0
2026-04-19 10:26:00,627,673.428,738.043,0.9124,0,0
2026-04-19 10:27:00,628,674.256,738.937,0.9124,0,0
2026-04-19 10:28:00,629,675.084,739.831,0.9125,0,0
2026-04-19 10:29:00,630,675.912,740.725,0.9125,0,0
2026-04-19 10:30:00,631,676.74,741.618,0.9125,0,0
2026-04-19 10:31:00,632,677.568,742.512,0.9125,0,0
2026-04-19 10:32:00,633,678.396,743.406,0.9125,0,0
2026-04-19 10:33:00,634,679.224,744.3,0.9126,0,0
2026-04-19 10:34:00,635,680.052,745.194,0.9126,0,0
2026-04-19 10:35:00,636,680.88,746.088,0.9126,0,0
2026-04-19 10:36:00,637,681.708,746.982,0.9126,0,0
2026-04-19 10:37:00,638,682.536,747.875,0.9126,0,0
2026-04-19 10:38:00,639,683.364,748.769,0.9126,0,0
2026-04-19 10:39:00,640,684.192,749.663,0.9126,0,0
2026-04-19 10:40:00,641,685.02,750.557,0.9127,0,0
2026-04-19 10:41:00,642,685.848,751.451,0.9127,0,0
2026-04-19 10:42:00,643,686.676,752.345,0.9127,0,0
2026-04-19 10:43:00,644,687.504,753.239,0.9127,0,0
2026-04-19 10:44:00,645,688.332,754.132,0.9127,0,0
2026-04-19 10:45:00,646,689.16,755.026,0.9128,0,0
2026-04-19 10:46:00,647,689.988,755.92,0.9128,0,0
2026-04-19 10:47:00,648,690.816,756.814,0.9128,0,0
2026-04-19 10:48:00,649,691.644,757.708,0.9128,0,0
2026-04-19 10:49:00,650,692.472,758.602,0.9128,0,0
2026-04-19 10:50:00,651,693.3,759.496,0.9128,0,0
2026-04-19 10:51:00,652,694.128,760.389,0.9128,0,0
2026-04-19 10:52:00,653,694.956,761.283,0.9129,0,0
2026-04-19 10:53:00,654,695.784,762.177,0.9129,0,0
2026-04-19 10:54:00,655,696.612,763.071,0.9129,0,0
2026-04-19 10:55:00,656,697.44,763.965,0.9129,0,0
2026-04-19 10:56:00,657,698.268,764.859,0.9129,0,0
2026-04-19 10:57:00,658,699.096,765.752,0.913,0,0
2026-04-19 10:58:00,659,699.924,766.646,0.913,0,0
2026-04-19 10:59:00,660,700.752,767.54,0.913,0,0
2026-04-19 11:00:00,661,701.58,768.434,0.913,0,1
2026-04-19 11:01:00,662,701.767,768.568,0.9131,0,0
2026-04-19 11:02:00,663,701.954,768.702,0.9132,0,0
2026-04-19 11:03:00,664,702.141,768.836,0.9132,0,0
2026-04-19 11:04:00,665,702.328,768.97,0.9133,0,0
2026-04-19 11:05:00,666,702.515,769.104,0.9134,0,0
2026-04-19 11:06:00,667,702.702,769.238,0.9135,0,0
2026-04-19 11:07:00,668,702.889,769.372,0.9136,0,0
2026-04-19 11:08:00,669,703.076,769.506,0.9137,0,0
2026-04-19 11:09:00,670,703.263,769.64,0.9138,0,0
2026-04-19 11:10:00,671,703.45,769.774,0.9138,0,0
2026-04-19 11:11:00,672,703.637,769.907,0.9139,0,0
2026-04-19 11:12:00,673,703.824,770.041,0.914,0,0
2026-04-19 11:13:00,674,704.011,770.175,0.9141,0,0
2026-04-19 11:14:00,675,704.198,770.309,0.9142,0,0
2026-04-19 11:15:00,676,704.385,770.443,0.9142,0,0
2026-04-19 11:16:00,677,704.572,770.577,0.9143,0,0
2026-04-19 11:17:00,678,704.759,770.711,0.9144,0,0
2026-04-19 11:18:00,679,704.946,770.845,0.9145,0,0
2026-04-19 11:19:00,680,705.133,770.979,0.9146,0,0
2026-04-19 11:20:00,681,705.32,771.113,0.9147,0,0
2026-04-19 11:21:00,682,705.507,771.247,0.9148,0,0
2026-04-19 11:22:00,683,705.694,771.381,0.9148,0,0
2026-04-19 11:23:00,684,705.881,771.515,0.9149,0,0
2026-04-19 11:24:00,685,706.068,771.649,0.915,0,0
2026-04-19 11:25:00,686,706.255,771.783,0.9151,0,0
2026-04-19 11:26:00,687,706.442,771.917,0.9152,0,0
2026-04-19 11:27:00,688,706.629,772.051,0.9152,0,0
2026-04-19 11:28:00,689,706.816,772.185,0.9153,0,0
2026-04-19 11:29:00,690,707.003,772.319,0.9154,0,0
2026-04-19 11:30:00,691,707.19,772.452,0.9155,0,0
2026-04-19 11:31:00,692,707.377,772.586,0.9156,0,0
2026-04-19 11:32:00,693,707.564,772.72,0.9157,0,0
2026-04-19 11:33:00,694,707.751,772.854,0.9158,0,0
2026-04-19 11:34:00,695,707.938,772.988,0.9158,0,0
2026-04-19 11:35:00,696,708.125,773.122,0.9159,0,0
2026-04-19 11:36:00,697,708.312,773.256,0.916,0,0
2026-04-19 11:37:00,698,708.499,773.39,0.9161,0,0
2026-04-19 11:38:00,699,708.686,773.524,0.9162,0,0
2026-04-19 11:39:00,700,708.873,773.658,0.9162,0,0
2026-04-19 11:40:00,701,709.06,773.792,0.9163,0,0
2026-04-19 11:41:00,702,709.247,773.926,0.9164,0,0
2026-04-19 11:42:00,703,709.434,774.06,0.9165,0,0
2026-04-19 11:43:00,704,709.621,774.194,0.9166,0,0
2026-04-19 11:44:00,705,709.808,774.328,0.9167,0,0
2026-04-19 11:45:00,706,709.995,774.462,0.9168,0,0
2026-04-19 11:46:00,707,710.182,774.596,0.9168,0,0
2026-04-19 11:47:00,708,710.369,774.73,0.9169,0,0
2026-04-19 11:48:00,709,710.556,774.864,0.917,0,0
2026-04-19 11:49:00,710,710.743,774.998,0.9171,0,0
2026-04-19 11:50:00,711,710.93,775.132,0.9172,0,0
2026-04-19 11:51:00,712,711.117,775.265,0.9172,0,0
2026-04-19 11:52:00,713,711.304,775.399,0.9173,0,0
2026-04-19 11:53:00,714,711.491,775.533,0.9174,0,0
2026-04-19 11:54:00,715,711.678,775.667,0.9175,0,0
2026-04-19 11:55:00,716,711.865,775.801,0.9176,0,0
2026-04-19 11:56:00,717,712.052,775.935,0.9177,0,0
2026-04-19 11:57:00,718,712.239,776.069,0.9178,0,0
2026-04-19 11:58:00,719,712.426,776.203,0.9178,0,0
2026-04-19 11:59:00,720,712.613,776.337,0.9179,0,0
2026-04-19 12:00:00,721,712.8,776.471,0.918,0,1
2026-04-19 12:01:00,722,712.551,776.2,0.918,0,0
2026-04-19 12:02:00,723,712.303,775.93,0.918,0,0
2026-04-19 12:03:00,724,712.054,775.659,0.918,0,0
2026-04-19 12:04:00,725,711.806,775.388,0.918,0,0
2026-04-19 12:05:00,726,711.558,775.118,0.918,0,0
2026-04-19 12:06:00,727,711.309,774.847,0.918,0,0
2026-04-19 12:07:00,728,711.06,774.576,0.918,0,0
2026-04-19 12:08:00,729,710.812,774.305,0.918,0,0
2026-04-19 12:09:00,730,710.564,774.035,0.918,0,0
2026-04-19 12:10:00,731,710.315,773.764,0.918,0,0
2026-04-19 12:11:00,732,710.066,773.493,0.918,0,0
2026-04-19 12:12:00,733,709.818,773.223,0.918,0,0
2026-04-19 12:13:00,734,709.57,772.952,0.918,0,0
2026-04-19 12:14:00,735,709.321,772.681,0.918,0,0
2026-04-19 12:15:00,736,709.072,772.41,0.918,0,0
2026-04-19 12:16:00,737,708.824,772.14,0.918,0,0
2026-04-19 12:17:00,738,708.575,771.869,0.918,0,0
2026-04-19 12:18:00,739,708.327,771.598,0.918,0,0
2026-04-19 12:19:00,740,708.078,771.328,0.918,0,0
2026-04-19 12:20:00,741,707.83,771.057,0.918,0,0
2026-04-19 12:21:00,742,707.582,770.786,0.918,0,0
2026-04-19 12:22:00,743,707.333,770.516,0.918,0,0
2026-04-19 12:23:00,744,707.084,770.245,0.918,0,0
2026-04-19 12:24:00,745,706.836,769.974,0.918,0,0
2026-04-19 12:25:00,746,706.588,769.704,0.918,0,0
2026-04-19 12:26:00,747,706.339,769.433,0.918,0,0
2026-04-19 12:27:00,748,706.09,769.162,0.918,0,0
2026-04-19 12:28:00,749,705.842,768.891,0.918,0,0
2026-04-19 12:29:00,750,705.594,768.621,0.918,0,0
2026-04-19 12:30:00,751,705.345,768.35,0.918,0,0
2026-04-19 12:31:00,752,705.096,768.079,0.918,0,0
2026-04-19 12:32:00,753,704.848,767.809,0.918,0,0
2026-04-19 12:33:00,754,704.599,767.538,0.918,0,0
2026-04-19 12:34:00,755,704.351,767.267,0.918,0,0
2026-04-19 12:35:00,756,704.102,766.996,0.918,0,0
2026-04-19 12:36:00,757,703.854,766.726,0.918,0,0
2026-04-19 12:37:00,758,703.606,766.455,0.918,0,0
2026-04-19 12:38:00,759,703.357,766.184,0.918,0,0
2026-04-19 12:39:00,760,703.108,765.914,0.918,0,0
2026-04-19 12:40:00,761,702.86,765.643,0.918,0,0
2026-04-19 12:41:00,762,702.612,765.372,0.918,0,0
2026-04-19 12:42:00,763,702.363,765.102,0.918,0,0
2026-04-19 12:43:00,764,702.114,764.831,0.918,0,0
2026-04-19 12:44:00,765,701.866,764.56,0.918,0,0
2026-04-19 12:45:00,766,701.618,764.29,0.918,0,0
2026-04-19 12:46:00,767,701.369,764.019,0.918,0,0
2026-04-19 12:47:00,768,701.12,763.748,0.918,0,0
2026-04-19 12:48:00,769,700.872,763.477,0.918,0,0
2026-04-19 12:49:00,770,700.624,763.207,0.918,0,0
2026-04-19 12:50:00,771,700.375,762.936,0.918,0,0
2026-04-19 12:51:00,772,700.126,762.665,0.918,0,0
2026-04-19 12:52:00,773,699.878,762.395,0.918,0,0
2026-04-19 12:53:00,774,699.63,762.124,0.918,0,0
2026-04-19 12:54:00,775,699.381,761.853,0.918,0,0
2026-04-19 12:55:00,776,699.132,761.582,0.918,0,0
2026-04-19 12:56:00,777,698.884,761.312,0.918,0,0
2026-04-19 12:57:00,778,698.636,761.041,0.918,0,0
2026-04-19 12:58:00,779,698.387,760.77,0.918,0,0
2026-04-19 12:59:00,780,698.138,760.5,0.918,0,0
2026-04-19 13:00:00,781,697.89,760.229,0.918,0,1
2026-04-19 13:01:00,782,698.064,760.447,0.918,0,0
2026-04-19 13:02:00,783,698.238,760.664,0.9179,0,0
2026-04-19 13:03:00,784,698.412,760.882,0.9179,0,0
2026-04-19 13:04:00,785,698.586,761.099,0.9179,0,0
2026-04-19 13:05:00,786,698.76,761.317,0.9178,0,0
2026-04-19 13:06:00,787,698.934,761.535,0.9178,0,0
2026-04-19 13:07:00,788,699.108,761.752,0.9178,0,0
2026-04-19 13:08:00,789,699.282,761.97,0.9177,0,0
2026-04-19 13:09:00,790,699.456,762.188,0.9177,0,0
2026-04-19 13:10:00,791,699.63,762.405,0.9177,0,0
2026-04-19 13:11:00,792,699.804,762.623,0.9176,0,0
2026-04-19 13:12:00,793,699.978,762.84,0.9176,0,0
2026-04-19 13:13:00,794,700.152,763.058,0.9176,0,0
2026-04-19 13:14:00,795,700.326,763.276,0.9175,0,0
2026-04-19 13:15:00,796,700.5,763.493,0.9175,0,0
2026-04-19 13:16:00,797,700.674,763.711,0.9175,0,0
2026-04-19 13:17:00,798,700.848,763.928,0.9174,0,0
2026-04-19 13:18:00,799,701.022,764.146,0.9174,0,0
2026-04-19 13:19:00,800,701.196,764.364,0.9174,0,0
2026-04-19 13:20:00,801,701.37,764.581,0.9173,0,0
2026-04-19 13:21:00,802,701.544,764.799,0.9173,0,0
2026-04-19 13:22:00,803,701.718,765.017,0.9173,0,0
2026-04-19 13:23:00,804,701.892,765.234,0.9172,0,0
2026-04-19 13:24:00,805,702.066,765.452,0.9172,0,0
2026-04-19 13:25:00,806,702.24,765.669,0.9172,0,0
2026-04-19 13:26:00,807,702.414,765.887,0.9171,0,0
2026-04-19 13:27:00,808,702.588,766.105,0.9171,0,0
2026-04-19 13:28:00,809,702.762,766.322,0.9171,0,0
2026-04-19 13:29:00,810,702.936,766.54,0.917,0,0
2026-04-19 13:30:00,811,703.11,766.757,0.917,0,0
2026-04-19 13:31:00,812,703.284,766.975,0.917,0,0
2026-04-19 13:32:00,813,703.458,767.193,0.9169,0,0
2026-04-19 13:33:00,814,703.632,767.41,0.9169,0,0
2026-04-19 13:34:00,815,703.806,767.628,0.9169,0,0
2026-04-19 13:35:00,816,703.98,767.846,0.9168,0,0
2026-04-19 13:36:00,817,704.154,768.063,0.9168,0,0
2026-04-19 13:37:00,818,704.328,768.281,0.9168,0,0
2026-04-19 13:38:00,819,704.502,768.498,0.9167,0,0
2026-04-19 13:39:00,820,704.676,768.716,0.9167,0,0
2026-04-19 13:40:00,821,704.85,768.934,0.9167,0,0
2026-04-19 13:41:00,822,705.024,769.151,0.9166,0,0
2026-04-19 13:42:00,823,705.198,769.369,0.9166,0,0
2026-04-19 13:43:00,824,705.372,769.587,0.9166,0,0
2026-04-19 13:44:00,825,705.546,769.804,0.9165,0,0
2026-04-19 13:45:00,826,705.72,770.022,0.9165,0,0
2026-04-19 13:46:00,827,705.894,770.239,0.9165,0,0
2026-04-19 13:47:00,828,706.068,770.457,0.9164,0,0
2026-04-19 13:48:00,829,706.242,770.675,0.9164,0,0
2026-04-19 13:49:00,830,706.416,770.892,0.9164,0,0
2026-04-19 13:50:00,831,706.59,771.11,0.9163,0,0
2026-04-19 13:51:00,832,706.764,771.327,0.9163,0,0
2026-04-19 13:52:00,833,706.938,771.545,0.9163,0,0
2026-04-19 13:53:00,834,707.112,771.763,0.9162,0,0
2026-04-19 13:54:00,835,707.286,771.98,0.9162,0,0
2026-04-19 13:55:00,836,707.46,772.198,0.9162,0,0
2026-04-19 13:56:00,837,707.634,772.416,0.9161,0,0
2026-04-19 13:57:00,838,707.808,772.633,0.9161,0,0
2026-04-19 13:58:00,839,707.982,772.851,0.9161,0,0
2026-04-19 13:59:00,840,708.156,773.068,0.916,0,0
2026-04-19 14:00:00,841,708.33,773.286,0.916,0,1
2026-04-19 14:01:00,842,708.496,773.368,0.9161,0,0
2026-04-19 14:02:00,843,708.661,773.449,0.9162,0,0
2026-04-19 14:03:00,844,708.826,773.531,0.9164,0,0
2026-04-19 14:04:00,845,708.992,773.612,0.9165,0,0
2026-04-19 14:05:00,846,709.158,773.694,0.9166,0,0
2026-04-19 14:06:00,847,709.323,773.775,0.9167,0,0
2026-04-19 14:07:00,848,709.488,773.857,0.9168,0,0
2026-04-19 14:08:00,849,709.654,773.939,0.9169,0,0
2026-04-19 14:09:00,850,709.82,774.02,0.917,0,0
2026-04-19 14:10:00,851,709.985,774.102,0.9172,0,0
2026-04-19 14:11:00,852,710.151,774.183,0.9173,0,0
2026-04-19 14:12:00,853,710.316,774.265,0.9174,0,0
2026-04-19 14:13:00,854,710.482,774.346,0.9175,0,0
2026-04-19 14:14:00,855,710.647,774.428,0.9176,0,0
2026-04-19 14:15:00,856,710.812,774.509,0.9178,0,0
2026-04-19 14:16:00,857,710.978,774.591,0.9179,0,0
2026-04-19 14:17:00,858,711.144,774.673,0.918,0,0
2026-04-19 14:18:00,859,711.309,774.754,0.9181,0,0
2026-04-19 14:19:00,860,711.474,774.836,0.9182,0,0
2026-04-19 14:20:00,861,711.64,774.917,0.9183,0,0
2026-04-19 14:21:00,862,711.806,774.999,0.9184,0,0
2026-04-19 14:22:00,863,711.971,775.08,0.9186,0,0
2026-04-19 14:23:00,864,712.137,775.162,0.9187,0,0
2026-04-19 14:24:00,865,712.302,775.244,0.9188,0,0
2026-04-19 14:25:00,866,712.468,775.325,0.9189,0,0
2026-04-19 14:26:00,867,712.633,775.407,0.919,0,0
2026-04-19 14:27:00,868,712.798,775.488,0.9192,0,0
2026-04-19 14:28:00,869,712.964,775.57,0.9193,0,0
2026-04-19 14:29:00,870,713.13,775.651,0.9194,0,0
2026-04-19 14:30:00,871,713.295,775.733,0.9195,0,0
2026-04-19 14:31:00,872,713.46,775.815,0.9196,0,0
2026-04-19 14:32:00,873,713.626,775.896,0.9197,0,0
2026-04-19 14:33:00,874,713.792,775.978,0.9198,0,0
2026-04-19 14:34:00,875,713.957,776.059,0.92,0,0
2026-04-19 14:35:00,876,714.123,776.141,0.9201,0,0
2026-04-19 14:36:00,877,714.288,776.222,0.9202,0,0
2026-04-19 14:37:00,878,714.454,776.304,0.9203,0,0
2026-04-19 14:38:00,879,714.619,776.386,0.9204,0,0
2026-04-19 14:39:00,880,714.784,776.467,0.9206,0,0
2026-04-19 14:40:00,881,714.95,776.549,0.9207,0,0
2026-04-19 14:41:00,882,715.116,776.63,0.9208,0,0
2026-04-19 14:42:00,883,715.281,776.712,0.9209,0,0
2026-04-19 14:43:00,884,715.446,776.793,0.921,0,0
2026-04-19 14:44:00,885,715.612,776.875,0.9211,0,0
2026-04-19 14:45:00,886,715.778,776.956,0.9212,0,0
2026-04-19 14:46:00,887,715.943,777.038,0.9214,0,0
2026-04-19 14:47:00,888,716.108,777.12,0.9215,0,0
2026-04-19 14:48:00,889,716.274,777.201,0.9216,0,0
2026-04-19 14:49:00,890,716.44,777.283,0.9217,0,0
2026-04-19 14:50:00,891,716.605,777.364,0.9218,0,0
2026-04-19 14:51:00,892,716.77,777.446,0.922,0,0
2026-04-19 14:52:00,893,716.936,777.527,0.9221,0,0
2026-04-19 14:53:00,894,717.102,777.609,0.9222,0,0
2026-04-19 14:54:00,895,717.267,777.691,0.9223,0,0
2026-04-19 14:55:00,896,717.432,777.772,0.9224,0,0
2026-04-19 14:56:00,897,717.598,777.854,0.9225,0,0
2026-04-19 14:57:00,898,717.764,777.935,0.9226,0,0
2026-04-19 14:58:00,899,717.929,778.017,0.9228,0,0
2026-04-19 14:59:00,900,718.094,778.098,0.9229,0,0
2026-04-19 15:00:00,901,718.26,778.18,0.923,0,1
2026-04-19 15:01:00,902,718.472,778.467,0.9229,0,0
2026-04-19 15:02:00,903,718.683,778.753,0.9229,0,0
2026-04-19 15:03:00,904,718.894,779.04,0.9228,0,0
2026-04-19 15:04:00,905,719.106,779.326,0.9227,0,0
2026-04-19 15:05:00,906,719.318,779.613,0.9227,0,0
2026-04-19 15:06:00,907,719.529,779.9,0.9226,0,0
2026-04-19 15:07:00,908,719.74,780.186,0.9225,0,0
2026-04-19 15:08:00,909,719.952,780.473,0.9225,0,0
2026-04-19 15:09:00,910,720.164,780.759,0.9224,0,0
2026-04-19 15:10:00,911,720.375,781.046,0.9223,0,0
2026-04-19 15:11:00,912,720.586,781.332,0.9223,0,0
2026-04-19 15:12:00,913,720.798,781.619,0.9222,0,0
2026-04-19 15:13:00,914,721.01,781.906,0.9221,0,0
2026-04-19 15:14:00,915,721.221,782.192,0.9221,0,0
2026-04-19 15:15:00,916,721.432,782.479,0.922,0,0
2026-04-19 15:16:00,917,721.644,782.765,0.9219,0,0
2026-04-19 15:17:00,918,721.856,783.052,0.9219,0,0
2026-04-19 15:18:00,919,722.067,783.338,0.9218,0,0
2026-04-19 15:19:00,920,722.278,783.625,0.9217,0,0
2026-04-19 15:20:00,921,722.49,783.912,0.9217,0,0
2026-04-19 15:21:00,922,722.702,784.198,0.9216,0,0
2026-04-19 15:22:00,923,722.913,784.485,0.9215,0,0
2026-04-19 15:23:00,924,723.124,784.771,0.9215,0,0
2026-04-19 15:24:00,925,723.336,785.058,0.9214,0,0
2026-04-19 15:25:00,926,723.548,785.345,0.9213,0,0
2026-04-19 15:26:00,927,723.759,785.631,0.9213,0,0
2026-04-19 15:27:00,928,723.97,785.918,0.9212,0,0
2026-04-19 15:28:00,929,724.182,786.204,0.9211,0,0
2026-04-19 15:29:00,930,724.394,786.491,0.9211,0,0
2026-04-19 15:30:00,931,724.605,786.777,0.921,0,0
2026-04-19 15:31:00,932,724.816,787.064,0.9209,0,0
2026-04-19 15:32:00,933,725.028,787.351,0.9209,0,0
2026-04-19 15:33:00,934,725.24,787.637,0.9208,0,0
2026-04-19 15:34:00,935,725.451,787.924,0.9207,0,0
2026-04-19 15:35:00,936,725.662,788.21,0.9207,0,0
2026-04-19 15:36:00,937,725.874,788.497,0.9206,0,0
2026-04-19 15:37:00,938,726.086,788.784,0.9205,0,0
2026-04-19 15:38:00,939,726.297,789.07,0.9205,0,0
2026-04-19 15:39:00,940,726.508,789.357,0.9204,0,0
2026-04-19 15:40:00,941,726.72,789.643,0.9203,0,0
2026-04-19 15:41:00,942,726.932,789.93,0.9203,0,0
2026-04-19 15:42:00,943,727.143,790.216,0.9202,0,0
2026-04-19 15:43:00,944,727.354,790.503,0.9201,0,0
2026-04-19 15:44:00,945,727.566,790.79,0.9201,0,0
2026-04-19 15:45:00,946,727.778,791.076,0.92,0,0
2026-04-19 15:46:00,947,727.989,791.363,0.9199,0,0
2026-04-19 15:47:00,948,728.2,791.649,0.9199,0,0
2026-04-19 15:48:00,949,728.412,791.936,0.9198,0,0
2026-04-19 15:49:00,950,728.624,792.223,0.9197,0,0
2026-04-19 15:50:00,951,728.835,792.509,0.9197,0,0
2026-04-19 15:51:00,952,729.046,792.796,0.9196,0,0
2026-04-19 15:52:00,953,729.258,793.082,0.9195,0,0
2026-04-19 15:53:00,954,729.47,793.369,0.9195,0,0
2026-04-19 15:54:00,955,729.681,793.656,0.9194,0,0
2026-04-19 15:55:00,956,729.892,793.942,0.9193,0,0
2026-04-19 15:56:00,957,730.104,794.229,0.9193,0,0
2026-04-19 15:57:00,958,730.316,794.515,0.9192,0,0
2026-04-19 15:58:00,959,730.527,794.802,0.9191,0,0
2026-04-19 15:59:00,960,730.738,795.088,0.9191,0,0
2026-04-19 16:00:00,961,730.95,795.375,0.919,0,1
2026-04-19 16:01:00,962,730.572,795.033,0.9189,0,0
2026-04-19 16:02:00,963,730.193,794.692,0.9188,0,0
2026-04-19 16:03:00,964,729.815,794.35,0.9188,0,0
2026-04-19 16:04:00,965,729.436,794.009,0.9187,0,0
2026-04-19 16:05:00,966,729.058,793.667,0.9186,0,0
2026-04-19 16:06:00,967,728.679,793.326,0.9185,0,0
2026-04-19 16:07:00,968,728.3,792.984,0.9184,0,0
2026-04-19 16:08:00,969,727.922,792.642,0.9183,0,0
2026-04-19 16:09:00,970,727.544,792.301,0.9182,0,0
2026-04-19 16:10:00,971,727.165,791.959,0.9182,0,0
2026-04-19 16:11:00,972,726.786,791.618,0.9181,0,0
2026-04-19 16:12:00,973,726.408,791.276,0.918,0,0
2026-04-19 16:13:00,974,726.03,790.934,0.9179,0,0
2026-04-19 16:14:00,975,725.651,790.593,0.9178,0,0
2026-04-19 16:15:00,976,725.272,790.251,0.9178,0,0
2026-04-19 16:16:00,977,724.894,789.91,0.9177,0,0
2026-04-19 16:17:00,978,724.516,789.568,0.9176,0,0
2026-04-19 16:18:00,979,724.137,789.226,0.9175,0,0
2026-04-19 16:19:00,980,723.758,788.885,0.9174,0,0
2026-04-19 16:20:00,981,723.38,788.543,0.9173,0,0
2026-04-19 16:21:00,982,723.002,788.202,0.9172,0,0
2026-04-19 16:22:00,983,722.623,787.86,0.9172,0,0
2026-04-19 16:23:00,984,722.244,787.519,0.9171,0,0
2026-04-19 16:24:00,985,721.866,787.177,0.917,0,0
2026-04-19 16:25:00,986,721.488,786.835,0.9169,0,0
2026-04-19 16:26:00,987,721.109,786.494,0.9168,0,0
2026-04-19 16:27:00,988,720.73,786.152,0.9168,0,0
2026-04-19 16:28:00,989,720.352,785.811,0.9167,0,0
2026-04-19 16:29:00,990,719.974,785.469,0.9166,0,0
2026-04-19 16:30:00,991,719.595,785.128,0.9165,0,0
2026-04-19 16:31:00,992,719.216,784.786,0.9164,0,0
2026-04-19 16:32:00,993,718.838,784.444,0.9163,0,0
2026-04-19 16:33:00,994,718.46,784.103,0.9162,0,0
2026-04-19 16:34:00,995,718.081,783.761,0.9162,0,0
2026-04-19 16:35:00,996,717.702,783.42,0.9161,0,0
2026-04-19 16:36:00,997,717.324,783.078,0.916,0,0
2026-04-19 16:37:00,998,716.946,782.736,0.9159,0,0
2026-04-19 16:38:00,999,716.567,782.395,0.9158,0,0
2026-04-19 16:39:00,1000,716.188,782.053,0.9158,0,0
2026-04-19 16:40:00,1001,715.81,781.712,0.9157,0,0
2026-04-19 16:41:00,1002,715.432,781.37,0.9156,0,0
2026-04-19 16:42:00,1003,715.053,781.028,0.9155,0,0
2026-04-19 16:43:00,1004,714.674,780.687,0.9154,0,0
2026-04-19 16:44:00,1005,714.296,780.345,0.9153,0,0
2026-04-19 16:45:00,1006,713.918,780.004,0.9152,0,0
2026-04-19 16:46:00,1007,713.539,779.662,0.9152,0,0
2026-04-19 16:47:00,1008,713.161,779.321,0.9151,0,0
2026-04-19 16:48:00,1009,712.782,778.979,0.915,0,0
2026-04-19 16:49:00,1010,712.404,778.637,0.9149,0,0
2026-04-19 16:50:00,1011,712.025,778.296,0.9148,0,0
2026-04-19 16:51:00,1012,711.647,777.954,0.9148,0,0
2026-04-19 16:52:00,1013,711.268,777.613,0.9147,0,0
2026-04-19 16:53:00,1014,710.89,777.271,0.9146,0,0
2026-04-19 16:54:00,1015,710.511,776.93,0.9145,0,0
2026-04-19 16:55:00,1016,710.132,776.588,0.9144,0,0
2026-04-19 16:56:00,1017,709.754,776.246,0.9143,0,0
2026-04-19 16:57:00,1018,709.376,775.905,0.9142,0,0
2026-04-19 16:58:00,1019,708.997,775.563,0.9142,0,0
2026-04-19 16:59:00,1020,708.618,775.222,0.9141,0,0
2026-04-19 17:00:00,1021,708.24,774.88,0.914,0,1
2026-04-19 17:01:00,1022,707.898,774.464,0.914,0,0
2026-04-19 17:02:00,1023,707.555,774.048,0.9141,0,0
2026-04-19 17:03:00,1024,707.212,773.633,0.9142,0,0
2026-04-19 17:04:00,1025,706.87,773.217,0.9142,0,0
2026-04-19 17:05:00,1026,706.528,772.801,0.9142,0,0
2026-04-19 17:06:00,1027,706.185,772.386,0.9143,0,0
2026-04-19 17:07:00,1028,705.842,771.97,0.9144,0,0
2026-04-19 17:08:00,1029,705.5,771.554,0.9144,0,0
2026-04-19 17:09:00,1030,705.158,771.138,0.9144,0,0
2026-04-19 17:10:00,1031,704.815,770.722,0.9145,0,0
2026-04-19 17:11:00,1032,704.472,770.307,0.9146,0,0
2026-04-19 17:12:00,1033,704.13,769.891,0.9146,0,0
2026-04-19 17:13:00,1034,703.788,769.475,0.9146,0,0
2026-04-19 17:14:00,1035,703.445,769.06,0.9147,0,0
2026-04-19 17:15:00,1036,703.102,768.644,0.9148,0,0
2026-04-19 17:16:00,1037,702.76,768.228,0.9148,0,0
2026-04-19 17:17:00,1038,702.418,767.812,0.9148,0,0
2026-04-19 17:18:00,1039,702.075,767.396,0.9149,0,0
2026-04-19 17:19:00,1040,701.733,766.981,0.915,0,0
2026-04-19 17:20:00,1041,701.39,766.565,0.915,0,0
2026-04-19 17:21:00,1042,701.048,766.149,0.915,0,0
2026-04-19 17:22:00,1043,700.705,765.733,0.9151,0,0
2026-04-19 17:23:00,1044,700.363,765.318,0.9152,0,0
2026-04-19 17:24:00,1045,700.02,764.902,0.9152,0,0
2026-04-19 17:25:00,1046,699.678,764.486,0.9152,0,0
2026-04-19 17:26:00,1047,699.335,764.07,0.9153,0,0
2026-04-19 17:27:00,1048,698.993,763.655,0.9154,0,0
2026-04-19 17:28:00,1049,698.65,763.239,0.9154,0,0
2026-04-19 17:29:00,1050,698.308,762.823,0.9154,0,0
2026-04-19 17:30:00,1051,697.965,762.408,0.9155,0,0
2026-04-19 17:31:00,1052,697.623,761.992,0.9156,0,0
2026-04-19 17:32:00,1053,697.28,761.576,0.9156,0,0
2026-04-19 17:33:00,1054,696.938,761.16,0.9156,0,0
2026-04-19 17:34:00,1055,696.595,760.744,0.9157,0,0
2026-04-19 17:35:00,1056,696.252,760.329,0.9158,0,0
2026-04-19 17:36:00,1057,695.91,759.913,0.9158,0,0
2026-04-19 17:37:00,1058,695.568,759.497,0.9158,0,0
2026-04-19 17:38:00,1059,695.225,759.082,0.9159,0,0
2026-04-19 17:39:00,1060,694.882,758.666,0.916,0,0
2026-04-19 17:40:00,1061,694.54,758.25,0.916,0,0
2026-04-19 17:41:00,1062,694.198,757.834,0.916,0,0
2026-04-19 17:42:00,1063,693.855,757.418,0.9161,0,0
2026-04-19 17:43:00,1064,693.512,757.003,0.9162,0,0
2026-04-19 17:44:00,1065,693.17,756.587,0.9162,0,0
2026-04-19 17:45:00,1066,692.828,756.171,0.9162,0,0
2026-04-19 17:46:00,1067,692.485,755.756,0.9163,0,0
2026-04-19 17:47:00,1068,692.142,755.34,0.9164,0,0
2026-04-19 17:48:00,1069,691.8,754.924,0.9164,0,0
2026-04-19 17:49:00,1070,691.458,754.508,0.9164,0,0
2026-04-19 17:50:00,1071,691.115,754.092,0.9165,0,0
2026-04-19 17:51:00,1072,690.772,753.677,0.9166,0,0
2026-04-19 17:52:00,1073,690.43,753.261,0.9166,0,0
2026-04-19 17:53:00,1074,690.088,752.845,0.9166,0,0
2026-04-19 17:54:00,1075,689.745,752.43,0.9167,0,0
2026-04-19 17:55:00,1076,689.402,752.014,0.9168,0,0
2026-04-19 17:56:00,1077,689.06,751.598,0.9168,0,0
2026-04-19 17:57:00,1078,688.718,751.182,0.9168,0,0
2026-04-19 17:58:00,1079,688.375,750.766,0.9169,0,0
2026-04-19 17:59:00,1080,688.032,750.351,0.917,0,0
2026-04-19 18:00:00,1081,687.69,749.935,0.917,0,1
2026-04-19 18:01:00,1082,687.74,749.949,0.917,0,0
2026-04-19 18:02:00,1083,687.79,749.962,0.9171,0,0
2026-04-19 18:03:00,1084,687.84,749.976,0.9172,0,0
2026-04-19 18:04:00,1085,687.89,749.989,0.9172,0,0
2026-04-19 18:05:00,1086,687.94,750.003,0.9172,0,0
2026-04-19 18:06:00,1087,687.99,750.016,0.9173,0,0
2026-04-19 18:07:00,1088,688.04,750.03,0.9174,0,0
2026-04-19 18:08:00,1089,688.09,750.044,0.9174,0,0
2026-04-19 18:09:00,1090,688.14,750.057,0.9174,0,0
2026-04-19 18:10:00,1091,688.19,750.071,0.9175,0,0
2026-04-19 18:11:00,1092,688.24,750.084,0.9176,0,0
2026-04-19 18:12:00,1093,688.29,750.098,0.9176,0,0
2026-04-19 18:13:00,1094,688.34,750.112,0.9176,0,0
2026-04-19 18:14:00,1095,688.39,750.125,0.9177,0,0
2026-04-19 18:15:00,1096,688.44,750.139,0.9178,0,0
2026-04-19 18:16:00,1097,688.49,750.152,0.9178,0,0
2026-04-19 18:17:00,1098,688.54,750.166,0.9178,0,0
2026-04-19 18:18:00,1099,688.59,750.18,0.9179,0,0
2026-04-19 18:19:00,1100,688.64,750.193,0.918,0,0
2026-04-19 18:20:00,1101,688.69,750.207,0.918,0,0
2026-04-19 18:21:00,1102,688.74,750.22,0.918,0,0
2026-04-19 18:22:00,1103,688.79,750.234,0.9181,0,0
2026-04-19 18:23:00,1104,688.84,750.247,0.9182,0,0
2026-04-19 18:24:00,1105,688.89,750.261,0.9182,0,0
2026-04-19 18:25:00,1106,688.94,750.275,0.9182,0,0
2026-04-19 18:26:00,1107,688.99,750.288,0.9183,0,0
2026-04-19 18:27:00,1108,689.04,750.302,0.9184,0,0
2026-04-19 18:28:00,1109,689.09,750.315,0.9184,0,0
2026-04-19 18:29:00,1110,689.14,750.329,0.9184,0,0
2026-04-19 18:30:00,1111,689.19,750.342,0.9185,0,0
2026-04-19 18:31:00,1112,689.24,750.356,0.9186,0,0
2026-04-19 18:32:00,1113,689.29,750.37,0.9186,0,0
2026-04-19 18:33:00,1114,689.34,750.383,0.9186,0,0
2026-04-19 18:34:00,1115,689.39,750.397,0.9187,0,0
2026-04-19 18:35:00,1116,689.44,750.41,0.9188,0,0
2026-04-19 18:36:00,1117,689.49,750.424,0.9188,0,0
2026-04-19 18:37:00,1118,689.54,750.438,0.9188,0,0
2026-04-19 18:38:00,1119,689.59,750.451,0.9189,0,0
2026-04-19 18:39:00,1120,689.64,750.465,0.919,0,0
2026-04-19 18:40:00,1121,689.69,750.478,0.919,0,0
2026-04-19 18:41:00,1122,689.74,750.492,0.919,0,0
2026-04-19 18:42:00,1123,689.79,750.506,0.9191,0,0
2026-04-19 18:43:00,1124,689.84,750.519,0.9192,0,0
2026-04-19 18:44:00,1125,689.89,750.533,0.9192,0,0
2026-04-19 18:45:00,1126,689.94,750.546,0.9192,0,0
2026-04-19 18:46:00,1127,689.99,750.56,0.9193,0,0
2026-04-19 18:47:00,1128,690.04,750.573,0.9194,0,0
2026-04-19 18:48:00,1129,690.09,750.587,0.9194,0,0
2026-04-19 18:49:00,1130,690.14,750.601,0.9194,0,0
2026-04-19 18:50:00,1131,690.19,750.614,0.9195,0,0
2026-04-19 18:51:00,1132,690.24,750.628,0.9196,0,0
2026-04-19 18:52:00,1133,690.29,750.641,0.9196,0,0
2026-04-19 18:53:00,1134,690.34,750.655,0.9196,0,0
2026-04-19 18:54:00,1135,690.39,750.668,0.9197,0,0
2026-04-19 18:55:00,1136,690.44,750.682,0.9198,0,0
2026-04-19 18:56:00,1137,690.49,750.696,0.9198,0,0
2026-04-19 18:57:00,1138,690.54,750.709,0.9198,0,0
2026-04-19 18:58:00,1139,690.59,750.723,0.9199,0,0
2026-04-19 18:59:00,1140,690.64,750.736,0.92,0,0
2026-04-19 19:00:00,1141,690.69,750.75,0.92,0,1
2026-04-19 19:01:00,1142,690.682,750.728,0.92,0,0
2026-04-19 19:02:00,1143,690.675,750.707,0.92,0,0
2026-04-19 19:03:00,1144,690.668,750.685,0.92,0,0
2026-04-19 19:04:00,1145,690.66,750.663,0.9201,0,0
2026-04-19 19:05:00,1146,690.652,750.641,0.9201,0,0
2026-04-19 19:06:00,1147,690.645,750.62,0.9201,0,0
2026-04-19 19:07:00,1148,690.638,750.598,0.9201,0,0
2026-04-19 19:08:00,1149,690.63,750.576,0.9201,0,0
2026-04-19 19:09:00,1150,690.623,750.554,0.9202,0,0
2026-04-19 19:10:00,1151,690.615,750.533,0.9202,0,0
2026-04-19 19:11:00,1152,690.608,750.511,0.9202,0,0
2026-04-19 19:12:00,1153,690.6,750.489,0.9202,0,0
2026-04-19 19:13:00,1154,690.593,750.467,0.9202,0,0
2026-04-19 19:14:00,1155,690.585,750.446,0.9202,0,0
2026-04-19 19:15:00,1156,690.578,750.424,0.9202,0,0
2026-04-19 19:16:00,1157,690.57,750.402,0.9203,0,0
2026-04-19 19:17:00,1158,690.562,750.381,0.9203,0,0
2026-04-19 19:18:00,1159,690.555,750.359,0.9203,0,0
2026-04-19 19:19:00,1160,690.548,750.337,0.9203,0,0
2026-04-19 19:20:00,1161,690.54,750.315,0.9203,0,0
2026-04-19 19:21:00,1162,690.532,750.294,0.9204,0,0
2026-04-19 19:22:00,1163,690.525,750.272,0.9204,0,0
2026-04-19 19:23:00,1164,690.518,750.25,0.9204,0,0
2026-04-19 19:24:00,1165,690.51,750.228,0.9204,0,0
2026-04-19 19:25:00,1166,690.502,750.207,0.9204,0,0
2026-04-19 19:26:00,1167,690.495,750.185,0.9204,0,0
2026-04-19 19:27:00,1168,690.488,750.163,0.9204,0,0
2026-04-19 19:28:00,1169,690.48,750.141,0.9205,0,0
2026-04-19 19:29:00,1170,690.473,750.12,0.9205,0,0
2026-04-19 19:30:00,1171,690.465,750.098,0.9205,0,0
2026-04-19 19:31:00,1172,690.458,750.076,0.9205,0,0
2026-04-19 19:32:00,1173,690.45,750.055,0.9205,0,0
2026-04-19 19:33:00,1174,690.442,750.033,0.9206,0,0
2026-04-19 19:34:00,1175,690.435,750.011,0.9206,0,0
2026-04-19 19:35:00,1176,690.428,749.989,0.9206,0,0
2026-04-19 19:36:00,1177,690.42,749.968,0.9206,0,0
2026-04-19 19:37:00,1178,690.412,749.946,0.9206,0,0
2026-04-19 19:38:00,1179,690.405,749.924,0.9206,0,0
2026-04-19 19:39:00,1180,690.398,749.902,0.9206,0,0
2026-04-19 19:40:00,1181,690.39,749.881,0.9207,0,0
2026-04-19 19:41:00,1182,690.382,749.859,0.9207,0,0
2026-04-19 19:42:00,1183,690.375,749.837,0.9207,0,0
2026-04-19 19:43:00,1184,690.368,749.815,0.9207,0,0
2026-04-19 19:44:00,1185,690.36,749.794,0.9207,0,0
2026-04-19 19:45:00,1186,690.352,749.772,0.9208,0,0
2026-04-19 19:46:00,1187,690.345,749.75,0.9208,0,0
2026-04-19 19:47:00,1188,690.338,749.729,0.9208,0,0
2026-04-19 19:48:00,1189,690.33,749.707,0.9208,0,0
2026-04-19 19:49:00,1190,690.322,749.685,0.9208,0,0
2026-04-19 19:50:00,1191,690.315,749.663,0.9208,0,0
2026-04-19 19:51:00,1192,690.308,749.642,0.9208,0,0
2026-04-19 19:52:00,1193,690.3,749.62,0.9209,0,0
2026-04-19 19:53:00,1194,690.292,749.598,0.9209,0,0
2026-04-19 19:54:00,1195,690.285,749.576,0.9209,0,0
2026-04-19 19:55:00,1196,690.278,749.555,0.9209,0,0
2026-04-19 19:56:00,1197,690.27,749.533,0.9209,0,0
2026-04-19 19:57:00,1198,690.262,749.511,0.921,0,0
2026-04-19 19:58:00,1199,690.255,749.489,0.921,0,0
2026-04-19 19:59:00,1200,690.248,749.468,0.921,0,0
2026-04-19 20:00:00,1201,690.24,749.446,0.921,0,1
2026-04-19 20:01:00,1202,689.825,749.048,0.9209,0,0
2026-04-19 20:02:00,1203,689.41,748.65,0.9209,0,0
2026-04-19 20:03:00,1204,688.995,748.252,0.9208,0,0
2026-04-19 20:04:00,1205,688.58,747.854,0.9207,0,0
2026-04-19 20:05:00,1206,688.165,747.456,0.9207,0,0
2026-04-19 20:06:00,1207,687.75,747.058,0.9206,0,0
2026-04-19 20:07:00,1208,687.335,746.66,0.9205,0,0
2026-04-19 20:08:00,1209,686.92,746.261,0.9205,0,0
2026-04-19 20:09:00,1210,686.505,745.863,0.9204,0,0
2026-04-19 20:10:00,1211,686.09,745.465,0.9203,0,0
2026-04-19 20:11:00,1212,685.675,745.067,0.9203,0,0
2026-04-19 20:12:00,1213,685.26,744.669,0.9202,0,0
2026-04-19 20:13:00,1214,684.845,744.271,0.9201,0,0
2026-04-19 20:14:00,1215,684.43,743.873,0.9201,0,0
2026-04-19 20:15:00,1216,684.015,743.475,0.92,0,0
2026-04-19 20:16:00,1217,683.6,743.077,0.9199,0,0
2026-04-19 20:17:00,1218,683.185,742.679,0.9199,0,0
2026-04-19 20:18:00,1219,682.77,742.281,0.9198,0,0
2026-04-19 20:19:00,1220,682.355,741.883,0.9197,0,0
2026-04-19 20:20:00,1221,681.94,741.485,0.9197,0,0
2026-04-19 20:21:00,1222,681.525,741.087,0.9196,0,0
2026-04-19 20:22:00,1223,681.11,740.689,0.9195,0,0
2026-04-19 20:23:00,1224,680.695,740.29,0.9195,0,0
2026-04-19 20:24:00,1225,680.28,739.892,0.9194,0,0
2026-04-19 20:25:00,1226,679.865,739.494,0.9193,0,0
2026-04-19 20:26:00,1227,679.45,739.096,0.9193,0,0
2026-04-19 20:27:00,1228,679.035,738.698,0.9192,0,0
2026-04-19 20:28:00,1229,678.62,738.3,0.9191,0,0
2026-04-19 20:29:00,1230,678.205,737.902,0.9191,0,0
2026-04-19 20:30:00,1231,677.79,737.504,0.919,0,0
2026-04-19 20:31:00,1232,677.375,737.106,0.9189,0,0
2026-04-19 20:32:00,1233,676.96,736.708,0.9189,0,0
2026-04-19 20:33:00,1234,676.545,736.31,0.9188,0,0
2026-04-19 20:34:00,1235,676.13,735.912,0.9187,0,0
2026-04-19 20:35:00,1236,675.715,735.514,0.9187,0,0
2026-04-19 20:36:00,1237,675.3,735.116,0.9186,0,0
2026-04-19 20:37:00,1238,674.885,734.718,0.9185,0,0
2026-04-19 20:38:00,1239,674.47,734.319,0.9185,0,0
2026-04-19 20:39:00,1240,674.055,733.921,0.9184,0,0
2026-04-19 20:40:00,1241,673.64,733.523,0.9183,0,0
2026-04-19 20:41:00,1242,673.225,733.125,0.9183,0,0
2026-04-19 20:42:00,1243,672.81,732.727,0.9182,0,0
2026-04-19 20:43:00,1244,672.395,732.329,0.9181,0,0
2026-04-19 20:44:00,1245,671.98,731.931,0.9181,0,0
2026-04-19 20:45:00,1246,671.565,731.533,0.918,0,0
2026-04-19 20:46:00,1247,671.15,731.135,0.9179,0,0
2026-04-19 20:47:00,1248,670.735,730.737,0.9179,0,0
2026-04-19 20:48:00,1249,670.32,730.339,0.9178,0,0
2026-04-19 20:49:00,1250,669.905,729.941,0.9177,0,0
2026-04-19 20:50:00,1251,669.49,729.543,0.9177,0,0
2026-04-19 20:51:00,1252,669.075,729.145,0.9176,0,0
2026-04-19 20:52:00,1253,668.66,728.747,0.9175,0,0
2026-04-19 20:53:00,1254,668.245,728.348,0.9175,0,0
2026-04-19 20:54:00,1255,667.83,727.95,0.9174,0,0
2026-04-19 20:55:00,1256,667.415,727.552,0.9173,0,0
2026-04-19 20:56:00,1257,667.0,727.154,0.9173,0,0
2026-04-19 20:57:00,1258,666.585,726.756,0.9172,0,0
2026-04-19 20:58:00,1259,666.17,726.358,0.9171,0,0
2026-04-19 20:59:00,1260,665.755,725.96,0.9171,0,0
2026-04-19 21:00:00,1261,665.34,725.562,0.917,0,1
2026-04-19 21:01:00,1262,665.808,726.086,0.917,0,0
2026-04-19 21:02:00,1263,666.275,726.609,0.917,0,0
2026-04-19 21:03:00,1264,666.743,727.133,0.917,0,0
2026-04-19 21:04:00,1265,667.21,727.656,0.9169,0,0
2026-04-19 21:05:00,1266,667.678,728.18,0.9169,0,0
2026-04-19 21:06:00,1267,668.145,728.703,0.9169,0,0
2026-04-19 21:07:00,1268,668.613,729.227,0.9169,0,0
2026-04-19 21:08:00,1269,669.08,729.751,0.9169,0,0
2026-04-19 21:09:00,1270,669.548,730.274,0.9168,0,0
2026-04-19 21:10:00,1271,670.015,730.798,0.9168,0,0
2026-04-19 21:11:00,1272,670.483,731.321,0.9168,0,0
2026-04-19 21:12:00,1273,670.95,731.845,0.9168,0,0
2026-04-19 21:13:00,1274,671.418,732.368,0.9168,0,0
2026-04-19 21:14:00,1275,671.885,732.892,0.9168,0,0
2026-04-19 21:15:00,1276,672.352,733.416,0.9168,0,0
2026-04-19 21:16:00,1277,672.82,733.939,0.9167,0,0
2026-04-19 21:17:00,1278,673.288,734.463,0.9167,0,0
2026-04-19 21:18:00,1279,673.755,734.986,0.9167,0,0
2026-04-19 21:19:00,1280,674.222,735.51,0.9167,0,0
2026-04-19 21:20:00,1281,674.69,736.033,0.9167,0,0
2026-04-19 21:21:00,1282,675.158,736.557,0.9166,0,0
2026-04-19 21:22:00,1283,675.625,737.08,0.9166,0,0
2026-04-19 21:23:00,1284,676.092,737.604,0.9166,0,0
2026-04-19 21:24:00,1285,676.56,738.128,0.9166,0,0
2026-04-19 21:25:00,1286,677.028,738.651,0.9166,0,0
2026-04-19 21:26:00,1287,677.495,739.175,0.9166,0,0
2026-04-19 21:27:00,1288,677.962,739.698,0.9166,0,0
2026-04-19 21:28:00,1289,678.43,740.222,0.9165,0,0
2026-04-19 21:29:00,1290,678.898,740.745,0.9165,0,0
2026-04-19 21:30:00,1291,679.365,741.269,0.9165,0,0
2026-04-19 21:31:00,1292,679.832,741.793,0.9165,0,0
2026-04-19 21:32:00,1293,680.3,742.316,0.9165,0,0
2026-04-19 21:33:00,1294,680.768,742.84,0.9164,0,0
2026-04-19 21:34:00,1295,681.235,743.363,0.9164,0,0
2026-04-19 21:35:00,1296,681.702,743.887,0.9164,0,0
2026-04-19 21:36:00,1297,682.17,744.41,0.9164,0,0
2026-04-19 21:37:00,1298,682.638,744.934,0.9164,0,0
2026-04-19 21:38:00,1299,683.105,745.458,0.9164,0,0
2026-04-19 21:39:00,1300,683.572,745.981,0.9164,0,0
2026-04-19 21:40:00,1301,684.04,746.505,0.9163,0,0
2026-04-19 21:41:00,1302,684.508,747.028,0.9163,0,0
2026-04-19 21:42:00,1303,684.975,747.552,0.9163,0,0
2026-04-19 21:43:00,1304,685.442,748.075,0.9163,0,0
2026-04-19 21:44:00,1305,685.91,748.599,0.9163,0,0
2026-04-19 21:45:00,1306,686.378,749.122,0.9162,0,0
2026-04-19 21:46:00,1307,686.845,749.646,0.9162,0,0
2026-04-19 21:47:00,1308,687.312,750.17,0.9162,0,0
2026-04-19 21:48:00,1309,687.78,750.693,0.9162,0,0
2026-04-19 21:49:00,1310,688.248,751.217,0.9162,0,0
2026-04-19 21:50:00,1311,688.715,751.74,0.9162,0,0
2026-04-19 21:51:00,1312,689.182,752.264,0.9162,0,0
2026-04-19 21:52:00,1313,689.65,752.787,0.9161,0,0
2026-04-19 21:53:00,1314,690.118,753.311,0.9161,0,0
2026-04-19 21:54:00,1315,690.585,753.835,0.9161,0,0
2026-04-19 21:55:00,1316,691.052,754.358,0.9161,0,0
2026-04-19 21:56:00,1317,691.52,754.882,0.9161,0,0
2026-04-19 21:57:00,1318,691.988,755.405,0.916,0,0
2026-04-19 21:58:00,1319,692.455,755.929,0.916,0,0
2026-04-19 21:59:00,1320,692.922,756.452,0.916,0,0
2026-04-19 22:00:00,1321,693.39,756.976,0.916,0,1
2026-04-19 22:01:00,1322,693.344,756.885,0.916,0,0
2026-04-19 22:02:00,1323,693.298,756.794,0.9161,0,0
2026-04-19 22:03:00,1324,693.252,756.702,0.9162,0,0
2026-04-19 22:04:00,1325,693.206,756.611,0.9162,0,0
2026-04-19 22:05:00,1326,693.16,756.52,0.9162,0,0
2026-04-19 22:06:00,1327,693.114,756.429,0.9163,0,0
2026-04-19 22:07:00,1328,693.068,756.337,0.9164,0,0
2026-04-19 22:08:00,1329,693.022,756.246,0.9164,0,0
2026-04-19 22:09:00,1330,692.976,756.155,0.9164,0,0
2026-04-19 22:10:00,1331,692.93,756.064,0.9165,0,0
2026-04-19 22:11:00,1332,692.884,755.972,0.9166,0,0
2026-04-19 22:12:00,1333,692.838,755.881,0.9166,0,0
2026-04-19 22:13:00,1334,692.792,755.79,0.9166,0,0
2026-04-19 22:14:00,1335,692.746,755.699,0.9167,0,0
2026-04-19 22:15:00,1336,692.7,755.608,0.9168,0,0
2026-04-19 22:16:00,1337,692.654,755.516,0.9168,0,0
2026-04-19 22:17:00,1338,692.608,755.425,0.9168,0,0
2026-04-19 22:18:00,1339,692.562,755.334,0.9169,0,0
2026-04-19 22:19:00,1340,692.516,755.243,0.917,0,0
2026-04-19 22:20:00,1341,692.47,755.151,0.917,0,0
2026-04-19 22:21:00,1342,692.424,755.06,0.917,0,0
2026-04-19 22:22:00,1343,692.378,754.969,0.9171,0,0
2026-04-19 22:23:00,1344,692.332,754.878,0.9172,0,0
2026-04-19 22:24:00,1345,692.286,754.786,0.9172,0,0
2026-04-19 22:25:00,1346,692.24,754.695,0.9172,0,0
2026-04-19 22:26:00,1347,692.194,754.604,0.9173,0,0
2026-04-19 22:27:00,1348,692.148,754.513,0.9174,0,0
2026-04-19 22:28:00,1349,692.102,754.421,0.9174,0,0
2026-04-19 22:29:00,1350,692.056,754.33,0.9174,0,0
2026-04-19 22:30:00,1351,692.01,754.239,0.9175,0,0
2026-04-19 22:31:00,1352,691.964,754.148,0.9176,0,0
2026-04-19 22:32:00,1353,691.918,754.057,0.9176,0,0
2026-04-19 22:33:00,1354,691.872,753.965,0.9176,0,0
2026-04-19 22:34:00,1355,691.826,753.874,0.9177,0,0
2026-04-19 22:35:00,1356,691.78,753.783,0.9178,0,0
2026-04-19 22:36:00,1357,691.734,753.692,0.9178,0,0
2026-04-19 22:37:00,1358,691.688,753.6,0.9178,0,0
2026-04-19 22:38:00,1359,691.642,753.509,0.9179,0,0
2026-04-19 22:39:00,1360,691.596,753.418,0.918,0,0
2026-04-19 22:40:00,1361,691.55,753.327,0.918,0,0
2026-04-19 22:41:00,1362,691.504,753.235,0.918,0,0
2026-04-19 22:42:00,1363,691.458,753.144,0.9181,0,0
2026-04-19 22:43:00,1364,691.412,753.053,0.9182,0,0
2026-04-19 22:44:00,1365,691.366,752.962,0.9182,0,0
2026-04-19 22:45:00,1366,691.32,752.87,0.9182,0,0
2026-04-19 22:46:00,1367,691.274,752.779,0.9183,0,0
2026-04-19 22:47:00,1368,691.228,752.688,0.9184,0,0
2026-04-19 22:48:00,1369,691.182,752.597,0.9184,0,0
2026-04-19 22:49:00,1370,691.136,752.506,0.9184,0,0
2026-04-19 22:50:00,1371,691.09,752.414,0.9185,0,0
2026-04-19 22:51:00,1372,691.044,752.323,0.9186,0,0
2026-04-19 22:52:00,1373,690.998,752.232,0.9186,0,0
2026-04-19 22:53:00,1374,690.952,752.141,0.9186,0,0
2026-04-19 22:54:00,1375,690.906,752.049,0.9187,0,0
2026-04-19 22:55:00,1376,690.86,751.958,0.9188,0,0
2026-04-19 22:56:00,1377,690.814,751.867,0.9188,0,0
2026-04-19 22:57:00,1378,690.768,751.776,0.9188,0,0
2026-04-19 22:58:00,1379,690.722,751.684,0.9189,0,0
2026-04-19 22:59:00,1380,690.676,751.593,0.919,0,0
2026-04-19 23:00:00,1381,690.63,751.502,0.919,0,1
2026-04-19 23:01:00,1382,690.277,751.238,0.9188,0,0
2026-04-19 23:02:00,1383,689.924,750.974,0.9187,0,0
2026-04-19 23:03:00,1384,689.571,750.71,0.9186,0,0
2026-04-19 23:04:00,1385,689.218,750.446,0.9184,0,0
2026-04-19 23:05:00,1386,688.865,750.182,0.9182,0,0
2026-04-19 23:06:00,1387,688.512,749.918,0.9181,0,0
2026-04-19 23:07:00,1388,688.159,749.654,0.918,0,0
2026-04-19 23:08:00,1389,687.806,749.39,0.9178,0,0
2026-04-19 23:09:00,1390,687.453,749.126,0.9176,0,0
2026-04-19 23:10:00,1391,687.1,748.862,0.9175,0,0
2026-04-19 23:11:00,1392,686.747,748.597,0.9174,0,0
2026-04-19 23:12:00,1393,686.394,748.333,0.9172,0,0
2026-04-19 23:13:00,1394,686.041,748.069,0.917,0,0
2026-04-19 23:14:00,1395,685.688,747.805,0.9169,0,0
2026-04-19 23:15:00,1396,685.335,747.541,0.9168,0,0
2026-04-19 23:16:00,1397,684.982,747.277,0.9166,0,0
2026-04-19 23:17:00,1398,684.629,747.013,0.9164,0,0
2026-04-19 23:18:00,1399,684.276,746.749,0.9163,0,0
2026-04-19 23:19:00,1400,683.923,746.485,0.9162,0,0
2026-04-19 23:20:00,1401,683.57,746.221,0.916,0,0
2026-04-19 23:21:00,1402,683.217,745.957,0.9158,0,0
2026-04-19 23:22:00,1403,682.864,745.693,0.9157,0,0
2026-04-19 23:23:00,1404,682.511,745.429,0.9156,0,0
2026-04-19 23:24:00,1405,682.158,745.165,0.9154,0,0
2026-04-19 23:25:00,1406,681.805,744.901,0.9152,0,0
2026-04-19 23:26:00,1407,681.452,744.637,0.9151,0,0
2026-04-19 23:27:00,1408,681.099,744.373,0.915,0,0
2026-04-19 23:28:00,1409,680.746,744.109,0.9148,0,0
2026-04-19 23:29:00,1410,680.393,743.845,0.9146,0,0
2026-04-19 23:30:00,1411,680.04,743.58,0.9145,0,0
2026-04-19 23:31:00,1412,679.687,743.316,0.9144,0,0
2026-04-19 23:32:00,1413,679.334,743.052,0.9142,0,0
2026-04-19 23:33:00,1414,678.981,742.788,0.914,0,0
2026-04-19 23:34:00,1415,678.628,742.524,0.9139,0,0
2026-04-19 23:35:00,1416,678.275,742.26,0.9138,0,0
2026-04-19 23:36:00,1417,677.922,741.996,0.9136,0,0
2026-04-19 23:37:00,1418,677.569,741.732,0.9134,0,0
2026-04-19 23:38:00,1419,677.216,741.468,0.9133,0,0
2026-04-19 23:39:00,1420,676.863,741.204,0.9132,0,0
2026-04-19 23:40:00,1421,676.51,740.94,0.913,0,0
2026-04-19 23:41:00,1422,676.157,740.676,0.9128,0,0
2026-04-19 23:42:00,1423,675.804,740.412,0.9127,0,0
2026-04-19 23:43:00,1424,675.451,740.148,0.9126,0,0
2026-04-19 23:44:00,1425,675.098,739.884,0.9124,0,0
2026-04-19 23:45:00,1426,674.745,739.62,0.9122,0,0
2026-04-19 23:46:00,1427,674.392,739.356,0.9121,0,0
2026-04-19 23:47:00,1428,674.039,739.092,0.912,0,0
2026-04-19 23:48:00,1429,673.686,738.828,0.9118,0,0
2026-04-19 23:49:00,1430,673.333,738.564,0.9116,0,0
2026-04-19 23:50:00,1431,672.98,738.3,0.9115,0,0
2026-04-19 23:51:00,1432,672.627,738.035,0.9114,0,0
2026-04-19 23:52:00,1433,672.274,737.771,0.9112,0,0
2026-04-19 23:53:00,1434,671.921,737.507,0.911,0,0
2026-04-19 23:54:00,1435,671.568,737.243,0.9109,0,0
2026-04-19 23:55:00,1436,671.215,736.979,0.9108,0,0
2026-04-19 23:56:00,1437,670.862,736.715,0.9106,0,0
2026-04-19 23:57:00,1438,670.509,736.451,0.9104,0,0
2026-04-19 23:58:00,1439,670.156,736.187,0.9103,0,0
2026-04-19 23:59:00,1440,669.803,735.923,0.9102,0,0
