hour_index,timestamp,Pload_kW,Papparent_kVA,PowerFactor,interpolated
1,2026-04-19 00:00:00,644.04,706.959,0.911,0
2,2026-04-19 01:00:00,652.11,718.975,0.907,0
3,2026-04-19 02:00:00,657.84,724.493,0.908,0
4,2026-04-19 03:00:00,660.84,723.812,0.913,0
5,2026-04-19 04:00:00,660.39,727.302,0.908,0
6,2026-04-19 05:00:00,669.0,735.974,0.909,0
7,2026-04-19 06:00:00,662.16,725.257,0.913,0
8,2026-04-19 07:00:00,658.71,720.689,0.914,0
9,2026-04-19 08:00:00,643.74,702.006,0.917,0
10,2026-04-19 09:00:00,668.22,728.702,0.917,0
11,2026-04-19 10:00:00,651.9,714.803,0.912,0
12,2026-04-19 11:00:00,701.58,768.434,0.913,0
13,2026-04-19 12:00:00,712.8,776.471,0.918,0
14,2026-04-19 13:00:00,697.89,760.229,0.918,0
15,2026-04-19 14:00:00,708.33,773.286,0.916,0
16,2026-04-19 15:00:00,718.26,778.18,0.923,0
17,2026-04-19 16:00:00,730.95,795.375,0.919,0
18,2026-04-19 17:00:00,708.24,774.88,0.914,0
19,2026-04-19 18:00:00,687.69,749.935,0.917,0
20,2026-04-19 19:00:00,690.69,750.75,0.92,0
21,2026-04-19 20:00:00,690.24,749.446,0.921,0
22,2026-04-19 21:00:00,665.34,725.562,0.917,0
23,2026-04-19 22:00:00,693.39,756.976,0.916,0
24,2026-04-19 23:00:00,690.63,751.502,0.919,0
25,2026-04-20 00:00:00,669.45,735.659,0.91,0
26,2026-04-20 01:00:00,678.3,739.695,0.917,0
27,2026-04-20 02:00:00,678.15,742.771,0.913,0
28,2026-04-20 03:00:00,668.64,733.963,0.911,0
29,2026-04-20 04:00:00,672.63,738.342,0.911,0
30,2026-04-20 05:00:00,669.51,733.308,0.913,0
31,2026-04-20 06:00:00,672.9,731.413,0.92,0
32,2026-04-20 07:00:00,691.77,751.107,0.921,0
33,2026-04-20 08:00:00,699.48,764.459,0.915,0
34,2026-04-20 09:00:00,703.59,764.772,0.92,0
35,2026-04-20 10:00:00,713.79,773.337,0.923,0
36,2026-04-20 11:00:00,714.81,776.124,0.921,0
37,2026-04-20 12:00:00,693.99,755.158,0.919,0
38,2026-04-20 13:00:00,722.49,787.026,0.918,0
39,2026-04-20 14:00:00,735.48,798.567,0.921,0
40,2026-04-20 15:00:00,725.67,787.915,0.921,0
41,2026-04-20 16:00:00,677.4,732.579,0.9253,1
42,2026-04-20 17:00:00,629.13,677.242,0.9297,1
43,2026-04-20 18:00:00,580.86,621.906,0.934,0
44,2026-04-20 19:00:00,578.01,614.251,0.941,0
45,2026-04-20 20:00:00,39.39,46.505,0.847,0
46,2026-04-20 21:00:00,720.63,783.293,0.92,0
47,2026-04-20 22:00:00,722.01,783.091,0.922,0
48,2026-04-20 23:00:00,721.32,784.897,0.919,0
49,2026-04-21 00:00:00,702.0,768.053,0.914,0
50,2026-04-21 01:00:00,711.3,775.682,0.917,0
51,2026-04-21 02:00:00,717.12,784.595,0.914,0
52,2026-04-21 03:00:00,702.51,766.096,0.917,0
53,2026-04-21 04:00:00,706.74,769.869,0.918,0
54,2026-04-21 05:00:00,717.09,781.144,0.918,0
55,2026-04-21 06:00:00,724.41,785.694,0.922,0
56,2026-04-21 07:00:00,718.44,781.763,0.919,0
57,2026-04-21 08:00:00,727.47,789.013,0.922,0
58,2026-04-21 09:00:00,729.03,788.994,0.924,0
59,2026-04-21 10:00:00,735.93,797.324,0.923,0
60,2026-04-21 11:00:00,743.19,803.449,0.925,0
61,2026-04-21 12:00:00,743.01,803.254,0.925,0
62,2026-04-21 13:00:00,748.17,811.464,0.922,0
63,2026-04-21 14:00:00,745.14,808.178,0.922,0
64,2026-04-21 15:00:00,731.16,791.299,0.924,0
65,2026-04-21 16:00:00,739.35,802.769,0.921,0
66,2026-04-21 17:00:00,745.05,808.08,0.922,0
67,2026-04-21 18:00:00,744.6,806.717,0.923,0
68,2026-04-21 19:00:00,631.53,676.156,0.934,0
69,2026-04-21 20:00:00,656.97,701.142,0.937,0
70,2026-04-21 21:00:00,742.35,801.674,0.926,0
71,2026-04-21 22:00:00,744.09,806.165,0.923,0
72,2026-04-21 23:00:00,750.54,813.153,0.923,0
73,2026-04-22 00:00:00,731.67,796.159,0.919,0
74,2026-04-22 01:00:00,735.93,802.541,0.917,0
75,2026-04-22 02:00:00,733.35,798.868,0.9185,1
76,2026-04-22 03:00:00,730.77,795.196,0.92,1
77,2026-04-22 04:00:00,728.19,791.523,0.9205,1
78,2026-04-22 05:00:00,725.61,787.85,0.921,0
79,2026-04-22 06:00:00,724.95,787.989,0.92,0
80,2026-04-22 07:00:00,744.36,806.457,0.923,0
81,2026-04-22 08:00:00,735.6,800.435,0.919,0
82,2026-04-22 09:00:00,742.92,806.645,0.921,0
83,2026-04-22 10:00:00,750.84,811.719,0.925,0
84,2026-04-22 11:00:00,750.87,812.63,0.924,0
85,2026-04-22 12:00:00,735.15,797.343,0.922,0
86,2026-04-22 13:00:00,755.64,819.566,0.922,0
87,2026-04-22 14:00:00,749.52,815.582,0.919,0
88,2026-04-22 15:00:00,751.14,812.922,0.924,0
89,2026-04-22 16:00:00,732.27,793.359,0.923,0
90,2026-04-22 17:00:00,746.55,808.83,0.923,0
91,2026-04-22 18:00:00,737.49,802.492,0.919,0
92,2026-04-22 19:00:00,724.71,784.318,0.924,0
93,2026-04-22 20:00:00,741.6,800.864,0.926,0
94,2026-04-22 21:00:00,749.4,811.039,0.924,0
95,2026-04-22 22:00:00,742.41,806.091,0.921,0
96,2026-04-22 23:00:00,741.15,802.979,0.923,0
97,2026-04-23 00:00:00,728.7,788.636,0.924,0
98,2026-04-23 01:00:00,728.49,792.699,0.919,0
99,2026-04-23 02:00:00,727.47,794.181,0.916,0
100,2026-04-23 03:00:00,717.63,782.585,0.917,0
101,2026-04-23 04:00:00,720.93,786.183,0.917,0
102,2026-04-23 05:00:00,719.25,782.644,0.919,0
103,2026-04-23 06:00:00,734.28,795.536,0.923,0
104,2026-04-23 07:00:00,733.56,797.348,0.92,0
105,2026-04-23 08:00:00,739.86,802.451,0.922,0
106,2026-04-23 09:00:00,657.6,703.316,0.935,0
107,2026-04-23 10:00:00,652.95,699.09,0.934,0
108,2026-04-23 11:00:00,531.0,572.198,0.928,0
109,2026-04-23 12:00:00,536.22,579.071,0.926,0
110,2026-04-23 13:00:00,596.22,644.562,0.925,0
111,2026-04-23 14:00:00,614.55,665.818,0.923,0
112,2026-04-23 15:00:00,581.88,631.792,0.921,0
113,2026-04-23 16:00:00,667.41,729.41,0.915,0
114,2026-04-23 17:00:00,659.7,720.984,0.915,0
115,2026-04-23 18:00:00,646.44,706.492,0.915,0
116,2026-04-23 19:00:00,653.46,711.83,0.918,0
117,2026-04-23 20:00:00,662.67,721.863,0.918,0
118,2026-04-23 21:00:00,670.32,731.79,0.916,0
119,2026-04-23 22:00:00,667.53,729.541,0.915,0
120,2026-04-23 23:00:00,668.07,728.539,0.917,0
121,2026-04-24 00:00:00,550.38,603.487,0.912,0
122,2026-04-24 01:00:00,658.89,723.26,0.911,0
123,2026-04-24 02:00:00,671.49,735.476,0.913,0
124,2026-04-24 03:00:00,661.56,726.989,0.91,0
125,2026-04-24 04:00:00,665.28,732.687,0.908,0
126,2026-04-24 05:00:00,658.08,725.557,0.907,0
127,2026-04-24 06:00:00,661.86,724.929,0.913,0
128,2026-04-24 07:00:00,672.27,733.919,0.916,0
129,2026-04-24 08:00:00,664.11,726.597,0.914,0
130,2026-04-24 09:00:00,634.32,685.011,0.926,0
131,2026-04-24 10:00:00,664.02,722.546,0.919,0
132,2026-04-24 11:00:00,657.39,717.675,0.916,0
133,2026-04-24 12:00:00,661.86,723.344,0.915,0
134,2026-04-24 13:00:00,654.93,715.77,0.915,0
135,2026-04-24 14:00:00,654.39,715.963,0.914,0
136,2026-04-24 15:00:00,649.17,711.03,0.913,0
137,2026-04-24 16:00:00,644.58,709.89,0.908,0
138,2026-04-24 17:00:00,658.41,724.323,0.909,0
139,2026-04-24 18:00:00,670.8,735.526,0.912,0
140,2026-04-24 19:00:00,652.83,711.144,0.918,0
141,2026-04-24 20:00:00,669.03,728.791,0.918,0
142,2026-04-24 21:00:00,665.64,725.889,0.917,0
143,2026-04-24 22:00:00,665.31,725.529,0.917,0
144,2026-04-24 23:00:00,656.43,718.195,0.914,0
145,2026-04-25 00:00:00,658.53,718.919,0.916,0
146,2026-04-25 01:00:00,663.54,727.566,0.912,0
147,2026-04-25 02:00:00,662.04,729.923,0.907,0
148,2026-04-25 03:00:00,648.42,711.767,0.911,0
149,2026-04-25 04:00:00,659.4,724.615,0.91,0
150,2026-04-25 05:00:00,648.99,712.393,0.911,0
151,2026-04-25 06:00:00,673.59,733.758,0.918,0
152,2026-04-25 07:00:00,662.79,728.341,0.91,0
153,2026-04-25 08:00:00,666.75,727.099,0.917,0
154,2026-04-25 09:00:00,659.94,722.826,0.913,0
155,2026-04-25 10:00:00,661.62,723.082,0.915,0
156,2026-04-25 11:00:00,656.97,718.786,0.914,0
157,2026-04-25 12:00:00,680.67,744.716,0.914,0
158,2026-04-25 13:00:00,679.23,743.954,0.913,0
159,2026-04-25 14:00:00,668.31,734.407,0.91,0
160,2026-04-25 15:00:00,672.48,735.755,0.914,0
161,2026-04-25 16:00:00,678.51,741.541,0.915,0
162,2026-04-25 17:00:00,661.38,722.82,0.915,0
163,2026-04-25 18:00:00,677.91,739.269,0.917,0
164,2026-04-25 19:00:00,668.13,732.599,0.912,0
165,2026-04-25 20:00:00,682.5,743.464,0.918,0
166,2026-04-25 21:00:00,674.22,735.245,0.917,0
167,2026-04-25 22:00:00,683.22,749.145,0.912,0
168,2026-04-25 23:00:00,679.29,745.653,0.911,0
